employee_id,emp_name,call_date,working_hours,work_efficiency,total_break_taken_minutes,calls_attended,active_with_customer_minutes,lunch_minutes,normal_break_minutes,feedback_score,training_minutes,meeting_minutes,unwanted_break_minutes,other_work_minutes
E106,Sneha,22-03-2024,6.34,82.96,38,40,239,23,12,4.5,33,4,4,64
E103,Rohit,10-03-2024,6.45,99.41,50,88,176,26,16,4.51,24,40,5,72
E110,Riya,18-01-2024,6.68,72.03,54,64,159,33,8,4.43,3,12,18,65
E107,Karan,23-03-2024,6.75,85.56,76,49,247,26,19,4.34,51,0,3,64
E104,Vikram,22-01-2024,8.55,75.38,80,157,292,27,13,3.95,54,24,6,34
E106,Karan,06-02-2024,7.68,99.12,50,119,154,20,11,4.28,25,46,3,35
E109,Rahul,25-02-2024,7.57,73.4,72,55,378,23,14,3.08,15,3,10,58
E102,Rahul,28-02-2024,6.34,82.11,51,97,124,31,17,4.24,9,35,11,72
E106,Riya,03-01-2024,8.58,92.14,85,111,337,22,16,4.56,44,51,13,54
E110,Arjun,28-01-2024,8.17,91.14,78,68,130,32,11,4,1,9,12,48
E110,Sneha,14-03-2024,6.2,82.68,29,142,236,39,19,3.72,34,27,9,74
E107,Riya,04-02-2024,8.12,80.4,21,131,303,25,17,3.55,18,56,17,78
E104,Pooja,01-03-2024,7.63,81.93,85,45,235,30,17,4.29,5,5,15,65
E103,Neha,23-02-2024,6.25,77.93,79,55,281,23,12,4.39,18,26,4,18
E107,Sneha,03-03-2024,7.37,76.16,36,59,186,39,16,4.74,58,55,7,79
E107,Simran,19-03-2024,7.45,84.49,35,119,319,35,10,3.68,52,11,13,37
E102,Rohit,07-01-2024,6.5,78.06,35,110,150,26,12,4.54,51,51,4,54
E105,Sneha,16-03-2024,8.84,78.62,65,144,194,30,7,4.12,50,47,7,35
E104,Pooja,18-02-2024,8.55,89.7,58,117,356,20,14,4.77,7,2,5,37
E101,Pooja,25-03-2024,8.01,99.06,50,82,185,26,14,4.06,13,45,15,49
E107,Amit,31-01-2024,7.39,88.11,20,65,189,31,18,4.04,9,32,3,24
E111,Riya,27-02-2024,7.24,72.31,30,129,416,26,5,4.16,2,9,11,15
E105,Pooja,01-03-2024,7.95,72.27,23,117,139,26,10,4.5,37,30,10,36
E101,Rahul,24-01-2024,7.64,98.54,45,110,345,29,5,4.93,28,14,2,47
E111,Vikram,20-01-2024,6.19,78.92,69,72,318,35,13,3.15,14,6,11,77
E104,Neha,06-02-2024,7.54,72.76,31,65,158,27,18,3.11,22,35,4,73
E100,Rohit,04-01-2024,8.42,87.97,84,84,264,28,6,4.88,22,13,5,39
E111,Riya,20-01-2024,7.38,88.71,66,123,164,28,15,4.06,17,55,18,12
E109,Ananya,29-02-2024,6.16,89.46,72,102,210,21,6,4.23,45,47,17,71
E105,Rahul,24-01-2024,8.36,78.02,21,106,357,32,11,3.96,18,13,15,21
E111,Simran,19-02-2024,6.6,70.45,43,91,189,32,6,3.19,27,2,10,39
E108,Arjun,18-02-2024,6.78,98.95,23,107,285,23,14,4.54,25,48,4,47
E100,Pooja,20-02-2024,6.49,77.53,38,65,249,31,12,4.49,9,52,8,69
E110,Ananya,05-02-2024,6.99,90.28,45,114,333,36,10,3.62,46,45,2,47
E110,Pooja,06-03-2024,8.27,91.2,59,41,208,21,18,3.61,3,49,7,24
E109,Sneha,19-03-2024,7.56,88.3,69,53,371,32,11,4.68,54,2,5,27
E111,Rahul,03-02-2024,6.61,79.39,62,147,191,37,11,3.14,1,21,3,61
E111,Sneha,05-02-2024,8.63,78.13,86,69,284,34,10,4.76,2,18,11,38
E102,Amit,06-01-2024,8.64,87.93,31,88,168,27,14,3.51,6,34,11,69
E111,Sneha,08-02-2024,8.61,95.98,86,51,171,34,15,4.19,54,11,15,30
E106,Amit,11-02-2024,6.72,98.4,46,129,408,20,13,4.87,15,53,9,26
E103,Simran,27-02-2024,7.35,73.18,73,83,397,39,17,4.36,30,4,13,27
E108,Amit,12-01-2024,8.95,74.64,85,72,233,29,13,3.83,9,9,12,66
E102,Ananya,03-01-2024,8.32,98.34,68,52,358,31,19,4.38,18,40,8,46
E104,Pooja,18-01-2024,6.08,92.1,35,117,252,24,11,3.69,27,32,6,69
E102,Arjun,09-02-2024,6.2,96.49,21,127,393,28,13,3.55,16,12,11,47
E106,Rohit,21-01-2024,7.39,76.08,79,137,285,27,17,4.99,27,34,4,21
E104,Sneha,15-01-2024,8.73,87.63,73,147,412,35,14,4.5,18,50,17,10
E108,Rohit,26-01-2024,7.62,91.03,49,65,362,33,7,4.29,36,31,3,67
E106,Rahul,08-01-2024,7.49,90.4,57,60,257,32,7,3.71,22,10,1,12
E101,Amit,27-03-2024,6.32,82.24,47,67,198,32,5,3.1,19,47,2,72
E103,Pooja,11-02-2024,7.97,70.46,44,87,289,24,9,3.06,12,37,11,30
E108,Neha,13-02-2024,8.47,87.49,29,139,242,35,19,4.11,12,23,2,32
E111,Riya,14-01-2024,7.14,77.59,79,79,295,30,8,4.52,42,34,3,18
E101,Ananya,18-03-2024,8.33,83.51,61,105,419,24,6,4.07,10,18,5,64
E109,Arjun,02-01-2024,8.89,98.73,59,145,201,32,13,4.68,47,5,11,28
E108,Karan,06-02-2024,6.61,81.97,61,112,206,30,7,3.07,14,39,18,71
E109,Ananya,09-03-2024,7.57,95.19,66,126,344,38,19,3.73,16,53,9,48
E104,Simran,07-02-2024,6.86,75.66,56,118,135,22,12,3.47,53,44,0,36
E101,Neha,10-02-2024,8.38,90.17,41,116,282,34,10,3.89,49,43,16,55
E103,Riya,02-03-2024,7.73,99.31,76,62,217,26,18,3.14,27,41,15,43
E111,Neha,29-02-2024,7.9,73.06,46,120,275,26,17,4.91,18,34,8,42
E111,Sneha,14-01-2024,8.39,70.25,60,87,121,25,9,3.45,3,3,8,59
E106,Amit,29-03-2024,7.19,83.01,53,41,288,22,5,4.84,21,32,8,29
E111,Arjun,24-03-2024,8.75,72.78,51,123,211,32,8,3.85,21,12,11,49
E107,Vikram,02-01-2024,7.6,92.45,85,59,300,26,7,4.97,54,55,8,67
E102,Amit,10-03-2024,6.47,97.44,31,98,350,24,5,4.11,36,35,14,40
E100,Vikram,17-01-2024,8.09,83.02,59,85,267,37,16,4.86,38,53,1,47
E103,Rohit,29-03-2024,8.38,77.76,29,42,399,27,19,3.01,33,42,10,54
E101,Riya,28-01-2024,6.95,83.03,67,94,308,36,9,4.5,32,18,10,50
E107,Pooja,06-03-2024,8.57,91.7,39,51,247,39,10,4.81,43,42,7,18
E103,Karan,04-02-2024,8.72,70.27,58,79,126,20,6,3.28,41,11,5,18
E101,Rahul,05-01-2024,6.83,87.68,79,105,166,33,19,3.19,39,10,19,72
E105,Amit,05-03-2024,8.95,88.4,85,139,172,36,18,3.85,32,5,6,31
E105,Arjun,09-02-2024,6.42,89.13,84,117,306,29,7,4.87,11,11,2,25
E109,Simran,16-03-2024,6.61,77.26,70,55,157,31,15,4.08,1,26,7,41
E103,Simran,25-02-2024,6.55,91.42,55,122,345,35,18,4.05,58,40,17,75
E105,Neha,05-02-2024,8.68,72.74,43,73,172,33,19,3.28,27,24,16,23
E101,Arjun,14-02-2024,7.96,75.98,46,83,343,35,10,3,9,41,10,47
E109,Riya,23-01-2024,6.46,96.32,21,149,273,27,8,4.62,21,2,1,17
E111,Rohit,16-02-2024,7.32,92.16,50,45,167,29,13,3.18,16,2,18,30
E101,Vikram,31-01-2024,7.85,70.41,76,116,266,36,9,4.27,25,19,6,65
E109,Neha,11-01-2024,6.25,77.45,85,103,183,37,8,4.83,2,27,17,55
E103,Simran,10-01-2024,8.65,76.43,48,139,301,39,6,3.42,6,22,7,52
E107,Rahul,07-03-2024,8.41,78.12,34,61,244,35,10,4.33,43,47,13,55
E106,Rahul,14-01-2024,7.52,77.43,31,57,298,36,14,3.16,7,2,6,57
E111,Amit,20-03-2024,8.9,71.88,47,51,158,35,6,4.21,19,41,3,79
E108,Riya,14-03-2024,7.25,83.77,43,91,379,38,16,3.33,11,23,16,40
E107,Pooja,10-01-2024,8.95,91.98,40,157,122,27,17,4.47,34,42,4,42
E104,Simran,16-03-2024,8,88.2,29,133,183,25,11,3.6,16,39,11,53
E101,Riya,01-01-2024,7.9,90.19,37,156,148,25,7,3.93,27,5,8,17
E104,Rohit,05-01-2024,6.5,72.43,33,90,130,28,13,4.2,40,19,19,11
E107,Vikram,20-01-2024,8.65,98.54,53,143,216,23,15,3.34,9,10,12,26
E109,Arjun,08-01-2024,7.28,95.15,77,110,322,31,9,4.48,21,31,17,61
E108,Simran,12-02-2024,6.49,94.15,41,135,140,31,12,3.61,37,59,19,54
E111,Rahul,16-03-2024,6.04,94.69,89,87,158,36,15,4.32,56,26,8,46
E111,Arjun,01-01-2024,7.68,97.98,55,58,342,34,10,3.32,32,20,3,51
E111,Arjun,26-02-2024,7.58,86.33,64,45,221,28,18,4.38,21,43,7,53
E108,Arjun,04-03-2024,8.16,76.01,55,123,165,26,16,3.26,43,47,0,47
E100,Rahul,24-03-2024,8.67,88.5,41,66,185,29,14,3.85,36,49,16,15
E108,Rohit,28-01-2024,6.24,92.29,80,92,210,35,12,3.49,12,12,8,77
E106,Ananya,06-02-2024,8.19,92.14,75,146,283,31,17,4.5,26,21,19,60
E108,Sneha,16-02-2024,6.56,85.64,52,140,230,26,17,3.52,14,34,12,44
E107,Vikram,16-03-2024,8.57,72.05,64,87,242,37,15,4.76,21,46,1,67
E100,Ananya,06-02-2024,8.46,81.13,55,46,312,34,16,4.78,29,21,12,66
E111,Vikram,18-02-2024,7.62,97.62,39,98,218,25,7,3.39,42,27,8,15
E107,Neha,13-02-2024,8.13,87.53,37,108,410,31,7,4.23,39,20,19,22
E107,Riya,25-02-2024,6.94,86.15,57,50,278,30,9,3.18,36,45,5,68
E110,Riya,28-01-2024,7.41,78.07,86,54,222,39,15,3.78,33,17,0,39
E102,Karan,19-03-2024,8.46,81.05,42,103,400,22,14,4.43,43,30,4,11
E100,Riya,06-01-2024,7.38,96.86,35,42,162,21,7,4.32,59,59,2,67
E107,Rahul,01-03-2024,7.07,89.99,78,108,203,25,12,4.25,33,45,3,45
E102,Pooja,20-01-2024,7.48,93.62,88,62,310,24,14,3.57,57,36,0,54
E102,Amit,18-03-2024,8.48,83.63,87,92,170,37,17,3.76,47,20,13,18
E100,Karan,02-01-2024,7.01,88.91,40,76,329,35,16,3.21,52,13,8,74
E110,Amit,13-03-2024,6.52,77.45,89,48,245,27,18,4.44,34,24,3,59
E104,Vikram,06-02-2024,8.14,91.16,31,54,188,39,12,4.01,41,26,17,41
E109,Amit,20-01-2024,8.48,82.83,35,42,384,30,6,4.42,18,39,13,52
E106,Amit,26-01-2024,6.3,83.28,33,132,377,29,16,3.5,7,59,3,63
E109,Karan,29-01-2024,6.72,89.48,80,109,307,31,8,3.65,38,59,9,56
E108,Neha,01-01-2024,6.43,98.09,65,56,349,25,14,3.67,32,22,2,23
E111,Arjun,04-02-2024,7.04,71.92,51,65,308,39,17,3.05,43,30,6,57
E106,Riya,10-03-2024,7.35,94.74,34,60,129,24,5,3.68,27,46,9,64
E108,Riya,28-02-2024,8.25,78.77,63,111,233,28,8,4.61,36,59,12,38
E107,Rahul,09-03-2024,7.95,83.32,36,60,195,35,16,4.79,47,28,3,56
E111,Karan,02-02-2024,7.86,70.66,60,50,283,33,17,4.04,24,46,17,72
E101,Rahul,20-02-2024,7.06,79.03,73,77,204,27,17,3.91,35,29,10,28
E100,Pooja,18-03-2024,8.52,85.08,63,111,168,39,15,3.06,16,50,3,18
E106,Pooja,12-01-2024,7.41,71.69,24,145,296,38,17,4.76,23,25,13,46
E106,Rahul,20-01-2024,8.94,84.73,46,127,337,33,8,3.03,20,19,17,61
E107,Karan,22-02-2024,7.9,97.81,62,74,308,26,14,4.89,1,37,7,66
E104,Rahul,28-03-2024,6.38,73.16,50,158,349,24,13,3.98,30,18,9,37
E102,Riya,12-02-2024,8.03,92.93,36,53,374,37,19,3.68,43,26,4,45
E111,Ananya,29-03-2024,6.98,82.29,73,158,355,21,7,4.85,32,24,6,73
E107,Sneha,19-02-2024,8.06,89.66,81,53,145,30,19,3.05,29,39,11,27
E105,Amit,29-01-2024,6.21,77.81,51,49,191,27,6,4.16,11,37,2,44
E110,Sneha,26-02-2024,6.52,74.78,59,51,380,20,13,4.1,43,51,3,77
E102,Karan,08-02-2024,8.57,74.81,32,77,373,31,13,3.44,11,22,9,48
E100,Rohit,25-02-2024,6.68,72.11,54,147,390,21,5,3.86,50,28,3,17
E102,Sneha,12-02-2024,8.51,75.57,24,158,242,37,10,4.3,56,14,14,24
E104,Pooja,19-02-2024,6.84,89.93,48,149,263,26,14,4.45,48,58,9,16
E102,Vikram,23-01-2024,7.93,96.45,89,73,376,36,12,3,51,2,15,26
E100,Amit,13-02-2024,8.08,94.42,44,80,263,33,7,4.87,23,9,14,73
E104,Arjun,07-02-2024,7.54,90.55,41,49,378,26,15,3.33,23,14,18,21
E109,Rohit,24-03-2024,6.92,73.31,85,56,166,22,13,3.47,57,55,19,65
E106,Karan,23-01-2024,6.64,78.68,64,56,132,25,6,3.53,59,15,18,55
E106,Amit,14-02-2024,6.1,79.29,88,106,327,39,10,3.08,10,16,17,56
E110,Sneha,21-02-2024,6.91,77.5,20,101,354,21,5,3.25,12,18,11,25
E108,Pooja,20-03-2024,7.96,85.45,63,134,268,36,17,4.97,26,10,15,78
E109,Neha,19-02-2024,8.81,86.07,58,154,274,31,11,3.63,7,47,0,11
E109,Ananya,08-01-2024,8.61,80.71,73,40,285,31,7,3.23,9,4,15,63
E111,Arjun,25-03-2024,8.3,80.61,48,51,209,36,11,3.21,7,4,1,36
E102,Rohit,01-01-2024,8.37,94.86,73,142,305,29,8,4.44,19,57,14,40
E106,Ananya,08-01-2024,7.99,93.68,35,43,293,22,13,4.71,7,13,6,50
E100,Amit,29-01-2024,6.78,79.23,39,81,336,39,9,3.51,8,49,0,45
E103,Pooja,05-01-2024,8.72,97.41,65,52,383,37,7,3.04,6,25,4,56
E103,Pooja,26-03-2024,8.01,98.58,86,137,216,32,19,3.45,13,7,9,52
E104,Sneha,16-02-2024,7.68,79.8,84,145,236,31,12,3.11,27,4,3,74
E106,Riya,03-02-2024,6.33,80.63,77,124,318,36,10,3.21,1,6,13,59
E106,Sneha,05-03-2024,7.34,85.17,72,125,140,23,6,3.86,56,15,12,10
E110,Riya,24-02-2024,7.38,98.23,20,43,319,29,7,3.46,42,54,0,66
E103,Riya,30-03-2024,8.59,96.29,85,121,367,30,12,4.03,7,13,15,25
E106,Arjun,12-02-2024,7.64,73.08,48,108,395,25,19,3.51,12,36,8,37
E110,Sneha,14-03-2024,7.14,81.78,89,58,383,25,14,4.88,20,55,15,31
E102,Simran,30-01-2024,8.93,86.6,27,41,177,28,11,4.81,46,40,18,50
E105,Neha,22-03-2024,6.33,85.09,48,51,150,34,14,4.13,27,3,14,28
E111,Rohit,17-01-2024,7.27,75.82,70,120,368,21,10,3.71,34,35,13,59
E101,Rahul,26-01-2024,6.13,95.76,52,113,212,23,18,3.76,22,47,19,68
E109,Rahul,08-01-2024,8.22,90.31,22,137,384,24,5,3.82,45,55,9,78
E108,Sneha,16-02-2024,8.75,95.14,79,45,390,36,13,4.46,14,16,11,43
E104,Sneha,16-03-2024,6.84,95.76,54,47,213,27,7,3.9,1,46,0,48
E105,Ananya,12-03-2024,8.58,92.45,88,90,273,27,18,4.71,50,35,16,16
E111,Rohit,29-03-2024,6.88,83.18,39,50,404,31,9,4.89,11,5,8,61
E111,Rohit,15-02-2024,8.73,88.32,58,102,199,27,11,3.67,56,15,18,69
E111,Arjun,08-03-2024,8.26,74.81,23,96,411,38,19,4.12,51,28,17,61
E111,Sneha,02-02-2024,8.41,90.21,38,51,203,22,11,3.19,35,35,6,33
E103,Rohit,01-01-2024,6.05,75.38,64,112,156,37,7,3.4,2,37,8,35
E110,Ananya,19-01-2024,8.89,90.82,62,41,351,38,19,3.83,4,36,11,19
E109,Riya,31-01-2024,8.18,76.89,32,47,212,38,8,3.41,2,47,6,26
E106,Pooja,20-03-2024,6.91,73.53,32,50,221,34,14,4.75,56,56,13,11
E111,Pooja,14-01-2024,8.49,74.96,79,92,285,25,11,3.32,46,47,14,36
E108,Riya,22-02-2024,6.84,70.06,76,139,278,35,12,3.91,18,9,14,57
E106,Karan,17-02-2024,8.62,91.56,71,49,133,27,6,4.21,1,40,5,18
E100,Ananya,09-03-2024,6.34,91.97,72,124,344,35,13,4.38,43,35,13,32
E100,Rohit,30-03-2024,8.11,85.45,62,123,192,37,11,3.77,36,28,1,36
E108,Simran,02-03-2024,7.62,74.84,61,151,368,39,17,4.74,53,13,7,52
E110,Ananya,06-03-2024,6.29,72.51,45,47,210,35,12,4.14,16,3,12,16
E108,Riya,04-03-2024,6.73,70.57,42,75,335,30,10,3.88,13,43,5,72
E103,Neha,10-03-2024,6.04,74.97,62,132,209,26,10,3.13,27,55,4,53
E108,Vikram,03-03-2024,7.41,96.73,47,145,148,36,13,3.93,26,41,4,48
E102,Amit,13-03-2024,6.9,77.25,28,115,339,36,8,4.64,53,35,0,49
E106,Riya,02-02-2024,7.8,80.63,39,53,334,31,15,4.23,9,49,8,16
E105,Simran,10-02-2024,6.89,73.16,75,151,340,32,15,4.66,2,44,5,79
E107,Rohit,29-03-2024,6.9,76.67,58,93,161,29,9,3.99,35,12,19,34
E110,Simran,17-02-2024,8.23,85.58,70,153,254,26,13,3.24,37,45,6,68
E108,Simran,13-01-2024,6.14,88.23,31,124,161,33,5,3.03,55,17,8,22
E104,Sneha,13-03-2024,8.71,77.36,74,125,283,20,8,3.61,24,32,4,71
E100,Sneha,17-03-2024,8.56,71.73,30,60,402,36,11,4.4,21,20,13,17
E102,Arjun,31-01-2024,8,81.73,45,147,177,23,15,4.58,47,15,4,54
E109,Riya,15-03-2024,7.78,77.03,61,89,144,24,19,3.59,38,14,7,27
E111,Arjun,08-03-2024,8.68,76.59,46,133,192,39,13,3.99,46,53,6,69
E107,Riya,04-01-2024,6.56,98.8,30,78,248,26,19,3.84,29,56,12,69
E110,Ananya,19-01-2024,6.24,88.49,57,59,206,29,18,3.82,20,4,12,11
E105,Amit,10-03-2024,6.72,86.71,62,127,272,36,17,3.46,29,5,7,75
E107,Simran,22-03-2024,8.38,82.47,38,126,301,26,15,3.27,27,37,10,23
E108,Ananya,13-01-2024,6.1,82.87,83,46,244,20,16,3.39,30,2,17,57
E103,Vikram,23-01-2024,7.75,86.23,25,48,186,26,17,3.11,56,47,18,65
E100,Pooja,23-03-2024,8.99,90.89,65,40,125,30,14,3.4,51,11,5,21
E100,Rahul,15-03-2024,8.57,91.06,61,65,244,28,10,3.02,25,35,1,64
E109,Riya,01-01-2024,7.56,75.15,84,77,172,31,16,4.25,42,32,12,37
E103,Vikram,28-03-2024,6.19,85,78,77,185,22,12,3.63,21,35,10,13
E111,Pooja,23-02-2024,8.49,82.36,71,157,201,23,17,4.95,20,32,0,45
E106,Rohit,11-03-2024,7.8,96.12,66,100,206,23,13,3.39,0,30,1,59
E101,Karan,29-03-2024,6.34,88.94,26,83,121,32,14,3.69,36,20,16,12
E102,Amit,25-03-2024,6.28,85.98,30,125,323,38,8,3.72,12,26,7,10
E100,Arjun,15-01-2024,8.73,73.46,80,83,269,29,5,3.02,20,26,1,26
E104,Arjun,05-03-2024,8.01,88.17,87,113,412,24,18,4.68,45,7,5,71
E100,Ananya,16-03-2024,8.49,73.52,44,158,222,26,12,3.06,8,55,4,57
E107,Sneha,11-03-2024,8.64,80.12,31,101,143,35,6,4.88,16,36,15,71
E100,Pooja,15-01-2024,7.72,74.29,45,45,331,20,15,4.78,46,31,7,78
E110,Karan,21-01-2024,7.55,90.76,31,56,184,31,5,4.07,20,25,18,28
E100,Vikram,19-01-2024,7.29,76.19,62,90,328,21,17,4.09,30,1,15,43
E101,Amit,29-02-2024,6.95,81.76,70,153,370,26,11,4.31,38,11,12,58
E101,Pooja,29-03-2024,7.3,96.87,56,77,236,30,16,3.77,58,21,19,56
E111,Karan,02-02-2024,8.32,76.13,65,63,235,32,14,4.29,53,16,6,59
E105,Rahul,18-02-2024,7.81,85.23,72,90,356,21,13,3.09,21,6,15,35
E106,Riya,04-02-2024,8.68,82.58,32,49,224,26,15,3.11,11,42,15,65
E104,Arjun,13-02-2024,7.33,70.54,73,159,378,34,19,3.91,54,3,11,23
E100,Vikram,30-03-2024,7.82,93.78,76,111,165,30,16,4.1,5,36,13,34
E100,Arjun,11-01-2024,7.89,72.07,23,60,335,21,16,4.78,52,37,17,13
E102,Vikram,12-03-2024,7.78,84.23,68,159,143,26,13,3.21,15,31,17,41
E101,Ananya,18-03-2024,8.11,86.82,26,109,154,23,7,4.65,25,10,15,74
E104,Sneha,14-03-2024,6.71,88.85,30,124,143,30,10,3.42,4,0,19,70
E111,Vikram,06-03-2024,7.54,90.66,73,96,147,21,11,3.79,8,24,15,29
E109,Arjun,15-02-2024,6.31,77.6,64,78,135,35,18,3.63,45,41,12,19
E105,Ananya,09-01-2024,7.15,70.3,42,127,178,26,14,3.8,39,51,8,43
E106,Vikram,03-01-2024,7.46,91.7,47,72,362,32,13,3.3,13,23,8,70
E103,Rahul,25-03-2024,7.96,86.07,76,98,326,24,19,4.01,43,52,12,36
E106,Sneha,26-01-2024,8.85,95.08,45,57,390,36,6,4.6,41,42,3,49
E110,Vikram,12-03-2024,7.8,94.64,44,95,368,31,12,3.88,29,55,8,74
E107,Ananya,17-02-2024,8.23,95.3,73,131,386,38,18,3.98,51,16,14,42
E110,Rohit,06-03-2024,7.52,84.55,48,96,312,26,11,4.7,51,7,13,77
E100,Pooja,10-03-2024,7.9,80.01,55,155,337,25,8,4.41,25,58,18,18
E105,Neha,28-01-2024,6.21,93.75,33,135,234,27,6,3.98,52,44,11,25
E107,Karan,26-01-2024,6.76,83.54,54,115,187,32,12,3.52,44,26,5,14
E104,Neha,25-01-2024,7.09,75.5,49,87,418,24,15,4.77,28,51,2,32
E103,Rohit,12-01-2024,7.42,95.65,36,81,194,21,9,4.15,18,17,19,52
E101,Neha,05-01-2024,6.14,96.48,86,66,222,28,10,3.44,46,26,15,66
E105,Rohit,17-02-2024,6.42,83.99,49,113,416,30,18,3.54,7,21,19,60
E105,Amit,06-02-2024,6.83,72.27,64,149,297,25,15,4.61,22,15,16,22
E110,Rohit,19-03-2024,8.91,81.63,70,91,334,26,11,3.09,52,1,15,33
E100,Rohit,13-02-2024,6.99,94.11,66,81,158,26,19,4.98,41,4,5,20
E108,Simran,15-01-2024,7.45,97.05,72,71,378,38,19,3.26,34,17,7,61
E111,Rohit,12-02-2024,6.59,76.1,83,145,323,25,14,4.59,30,2,18,26
E110,Rahul,17-02-2024,7.83,72.01,57,65,126,30,5,3.79,52,26,1,46
E105,Pooja,27-03-2024,6.84,96.32,83,64,168,30,12,3.98,34,53,13,22
E102,Riya,10-03-2024,6.62,81.68,26,114,145,26,8,4.76,31,16,11,71
E103,Vikram,15-02-2024,7.55,86.25,41,62,280,21,17,3.83,57,15,16,17
E111,Karan,12-02-2024,6.02,99.04,60,137,295,38,13,4.07,4,5,14,65
E110,Sneha,21-01-2024,6.02,72,29,96,198,23,5,3.1,15,50,17,79
E103,Pooja,23-01-2024,6.66,89.45,76,91,121,25,15,3,16,6,15,53
E102,Arjun,20-03-2024,6.11,72.22,26,143,251,36,6,3.49,31,49,12,69
E109,Riya,16-02-2024,6.32,81.26,69,126,395,24,18,4.36,37,13,16,50
E102,Amit,15-01-2024,7.02,94.11,71,132,236,26,10,3.24,57,37,7,30
E102,Amit,25-01-2024,8.41,83,52,70,283,28,15,3.23,31,39,0,51
E103,Rohit,05-02-2024,7.72,99.92,20,103,407,20,14,3.82,51,14,2,38
E106,Pooja,15-03-2024,7.54,86.77,72,110,147,20,15,4.3,19,46,15,74
E103,Ananya,20-02-2024,6.88,79.63,79,143,120,38,18,4.42,47,46,1,26
E108,Simran,15-01-2024,8.8,76.6,53,72,307,25,5,3.36,55,47,14,39
E100,Neha,08-03-2024,7.19,80.52,23,124,175,37,8,3.16,1,32,0,35
E107,Arjun,21-01-2024,6.26,81.18,36,41,154,29,12,4.88,19,42,8,62
E106,Amit,13-01-2024,7.85,72.06,23,57,231,30,19,3.52,46,26,15,28
E101,Karan,26-03-2024,6.34,81.09,62,86,405,20,14,4.71,17,28,3,62
E107,Amit,19-01-2024,7.04,83.93,23,72,155,20,9,4.73,0,56,11,26
E100,Sneha,03-02-2024,7.52,91.68,20,140,336,32,17,4.55,57,36,0,55
E110,Vikram,18-03-2024,8.62,89.7,69,137,199,24,13,3.34,28,4,0,62
E111,Amit,08-03-2024,7.48,91.26,80,123,202,39,15,4.64,28,28,6,73
E108,Sneha,21-02-2024,8.11,70.25,54,74,184,20,15,4.54,18,31,17,54
E108,Pooja,27-01-2024,8.98,76.53,27,90,247,39,10,4.19,43,59,14,58
E101,Pooja,29-01-2024,6.39,89.85,43,153,141,22,5,3.67,39,52,12,28
E106,Simran,28-01-2024,6.82,84.52,55,157,335,37,10,3.53,5,5,15,74
E109,Riya,04-02-2024,7.18,70.16,69,57,226,28,10,3.24,43,1,6,46
E102,Amit,08-01-2024,7.27,94.13,62,149,228,33,17,4.02,38,5,15,79
E106,Karan,16-01-2024,7.23,93.18,46,127,300,36,10,4.17,49,45,12,35
E111,Amit,05-02-2024,8.72,86.45,51,111,283,33,12,3.72,53,42,13,11
E109,Karan,30-01-2024,8.14,71.99,37,69,187,23,19,3.95,45,3,16,68
E108,Rahul,18-01-2024,7.82,93,47,83,411,24,10,3.73,7,55,11,14
E103,Rohit,02-01-2024,6.93,87.51,48,92,299,36,9,4.28,23,28,19,46
E111,Riya,18-02-2024,8.47,93.46,35,49,300,21,19,4.8,19,58,12,40
E100,Rahul,17-03-2024,8.87,92.55,66,126,288,24,15,3.33,53,24,19,57
E101,Amit,04-01-2024,8.46,94.09,78,91,141,23,6,3.76,13,8,14,15
E100,Riya,30-03-2024,6,85.54,50,88,185,23,8,3.28,4,55,3,24
E111,Rahul,29-03-2024,7.91,74.21,23,50,140,25,18,4.25,40,2,1,24
E104,Neha,15-03-2024,6.15,90.13,56,105,219,39,19,4.46,39,25,17,70
E104,Amit,07-01-2024,6.77,88.61,36,97,419,32,14,4.86,33,47,1,25
E110,Rahul,14-03-2024,6.18,92.27,58,129,222,24,9,3.56,59,42,14,29
E106,Neha,08-02-2024,7.81,75.1,67,75,166,26,14,4.9,15,26,18,53
E108,Neha,13-01-2024,8.06,75.85,65,72,158,39,8,3.13,44,35,14,51
E108,Pooja,31-01-2024,6.34,96.71,67,86,404,20,6,4.21,6,31,19,55
E102,Simran,11-03-2024,7.15,92.5,58,52,209,33,11,3.11,15,0,9,43
E102,Amit,03-03-2024,7.37,97.25,23,79,204,23,14,4.79,6,56,19,73
E102,Neha,25-02-2024,7.11,92.76,49,128,392,36,14,4.06,26,52,10,38
E103,Pooja,11-02-2024,6.36,87.91,49,107,307,33,6,4.34,13,53,9,12
E107,Rahul,01-03-2024,7.26,89.62,41,81,278,35,5,4.66,13,15,4,18
E105,Sneha,11-02-2024,8.25,96.67,85,58,362,33,18,3.3,43,50,8,34
E107,Amit,25-02-2024,6.21,87.36,31,121,192,35,9,3.08,32,47,19,51
E100,Riya,05-02-2024,6.24,88.97,55,140,168,39,16,4.76,32,10,18,55
E107,Karan,24-03-2024,7.06,74.69,37,133,220,27,17,3.63,43,25,12,68
E103,Karan,08-03-2024,8.83,84.22,72,58,121,22,5,3.26,19,39,17,30
E110,Rahul,07-01-2024,8.01,91.49,20,97,363,38,5,3.94,52,54,16,31
E100,Ananya,23-02-2024,8.04,78.13,77,62,295,20,19,4.2,46,0,5,38
E107,Ananya,01-01-2024,7.09,76.07,25,93,357,21,5,3.06,35,25,9,72
E103,Rahul,13-02-2024,7.78,79.41,89,119,178,34,10,3.55,6,27,1,70
E105,Neha,14-02-2024,6.03,77.25,63,104,218,29,13,3.07,31,52,5,73
E107,Simran,16-02-2024,7.91,76.45,43,51,121,37,14,3.84,47,57,12,78
E103,Amit,13-01-2024,8.74,82.75,38,63,362,33,17,4.79,2,8,17,49
E102,Karan,22-01-2024,7.84,97.24,37,73,416,36,15,4.97,38,59,6,10
E108,Karan,21-01-2024,8.62,85.21,49,92,330,32,16,4.27,28,58,1,74
E102,Simran,26-03-2024,8.17,75.64,61,47,242,20,5,3.32,23,43,13,71
E108,Neha,09-01-2024,6.36,72.31,52,57,348,24,9,4.81,21,21,4,63
E101,Karan,26-01-2024,8.71,90.88,31,96,201,32,19,4.03,5,7,17,69
E101,Riya,09-01-2024,6.2,81.48,46,151,263,33,13,3.31,47,57,10,55
E101,Amit,15-01-2024,7.6,94.65,58,44,259,22,18,4.84,23,48,9,14
E105,Vikram,10-01-2024,6.43,89.79,28,65,148,34,13,4.51,39,41,10,31
E102,Karan,28-03-2024,6.04,93.89,40,69,389,38,5,4.46,22,26,1,62
E108,Rahul,11-02-2024,7.27,78.16,48,93,366,36,12,4.42,53,38,14,79
E103,Riya,12-03-2024,6.89,90.77,52,52,131,22,5,3.4,37,18,6,41
E100,Karan,24-01-2024,7.46,77.92,81,122,225,35,19,3.42,9,24,8,20
E103,Rohit,20-03-2024,7.73,98.17,34,68,151,33,12,4.38,15,37,4,19
E100,Riya,18-02-2024,6.13,89.09,21,42,193,31,5,3.44,10,20,6,48
E104,Pooja,26-01-2024,6.37,79.74,71,129,290,31,16,3.88,31,23,19,40
E103,Vikram,06-02-2024,7.68,78.09,63,143,188,30,9,4.56,44,23,1,21
E107,Arjun,08-03-2024,7.03,75.73,73,97,256,36,12,4.57,5,59,2,47
E107,Rahul,19-02-2024,8.19,90.84,37,115,219,27,10,3.91,23,59,1,76
E106,Rahul,24-01-2024,7.96,76.56,22,41,265,36,13,4.58,32,18,18,75
E102,Amit,19-01-2024,8.54,87.86,26,114,128,39,5,4.68,52,49,3,61
E100,Simran,29-02-2024,8.08,77.94,62,147,181,30,13,4.31,50,46,19,14
E100,Riya,08-02-2024,7.29,89.86,57,67,304,21,5,3.46,11,1,6,20
E111,Neha,14-03-2024,8.02,94.45,56,121,148,29,14,3.55,55,13,6,34
E110,Rahul,29-03-2024,6.83,93.34,77,116,233,29,14,3.63,26,52,16,44
E102,Riya,18-01-2024,6.92,92.83,52,140,262,30,7,3.23,37,31,18,44
E105,Riya,19-01-2024,8.37,75.63,78,125,239,25,5,3.55,17,41,15,31
E106,Rohit,05-02-2024,7.34,72.65,30,115,289,23,7,3.42,44,31,2,46
E105,Sneha,14-03-2024,8.4,90.97,87,41,276,31,16,3.91,38,27,14,64
E105,Sneha,24-02-2024,8.47,81.05,87,140,379,30,15,4.82,54,47,13,73
E105,Arjun,09-03-2024,8.57,82.97,41,46,201,32,17,3.21,12,38,14,29
E102,Pooja,16-02-2024,8.75,70.93,85,65,361,24,6,4.44,52,39,13,13
E105,Arjun,18-02-2024,7.29,77.79,63,129,291,25,6,4.37,39,41,6,27
E107,Karan,02-02-2024,6.96,71.01,25,127,350,20,13,3.19,29,46,2,60
E110,Neha,21-01-2024,7.75,96.38,61,115,327,25,12,4.85,52,39,16,77
E110,Karan,21-03-2024,7.11,77.3,44,55,194,37,5,4.14,48,12,9,29
E101,Ananya,22-01-2024,7.8,86.72,76,62,389,28,16,3.73,40,11,14,18
E104,Karan,17-02-2024,8.12,71.17,74,79,233,34,18,4.51,51,7,5,35
E100,Amit,06-02-2024,8.07,90.01,35,99,181,27,8,3.51,12,14,16,34
E111,Karan,15-01-2024,7.12,79.69,33,112,221,38,17,4.39,33,25,16,77
E100,Arjun,04-02-2024,6.5,96.94,58,71,329,35,5,3.08,35,11,13,50
E104,Rahul,11-03-2024,7.29,96.64,47,54,374,25,5,4.68,29,42,17,68
E111,Rahul,01-02-2024,6.43,79.76,70,140,139,25,16,3.9,24,50,4,54
E102,Sneha,11-01-2024,8.67,97.03,68,52,177,22,16,4.27,1,45,7,50
E103,Simran,10-01-2024,7.04,99.88,28,44,231,29,8,3.44,35,26,6,47
E102,Neha,13-03-2024,6.46,94.76,77,114,315,20,6,4.35,17,17,3,28
E100,Neha,18-03-2024,6.08,95.35,64,113,211,33,7,4.54,4,44,17,23
E100,Amit,17-03-2024,7.94,77.47,41,91,171,23,15,3.95,18,35,4,30
E111,Arjun,26-02-2024,7.91,87.3,51,116,412,31,13,4.24,41,48,15,24
E111,Sneha,25-01-2024,7.02,72.02,88,80,127,25,6,3.91,17,50,13,12
E104,Rohit,02-01-2024,6.22,72.85,88,92,419,30,8,4.79,56,26,18,46
E105,Ananya,04-03-2024,7.23,99.97,61,149,217,31,5,4,31,8,13,55
E102,Neha,04-02-2024,6.93,79.8,72,89,355,29,6,4.68,20,54,8,25
E111,Rahul,07-01-2024,8.03,92.45,78,54,188,37,9,4.6,9,38,5,23
E108,Karan,25-03-2024,7.82,94.2,58,145,164,26,18,3.82,36,0,16,18
E104,Karan,18-01-2024,7.09,95.74,34,159,256,26,14,3.46,48,6,18,16
E107,Simran,07-03-2024,6.65,99.93,48,46,353,30,19,3.81,21,25,11,23
E100,Sneha,11-02-2024,8.96,77.24,22,79,151,23,5,4.65,12,6,3,15
E104,Arjun,08-02-2024,7.36,71.21,29,67,408,39,15,3.46,54,51,15,24
E102,Arjun,10-02-2024,8.06,82.34,48,71,245,20,11,4.05,16,6,10,61
E111,Pooja,15-03-2024,6.42,73.9,54,138,186,32,8,4.61,8,7,3,43
E100,Vikram,24-01-2024,7.46,70.67,25,54,149,37,10,3.71,23,15,16,10
E103,Neha,29-02-2024,6.08,80.81,31,151,233,28,12,4.28,43,2,7,78
E104,Arjun,15-02-2024,7.52,93.51,57,139,323,28,17,3.49,13,44,13,29
E106,Simran,19-01-2024,8.89,86.99,38,124,148,28,10,3.22,45,9,1,16
E100,Rahul,08-03-2024,7.15,79.38,86,109,250,29,18,4.59,7,49,10,16
E102,Sneha,30-03-2024,6.12,89.63,27,104,304,21,6,3.2,54,6,10,59
E101,Ananya,11-02-2024,6.09,76.96,27,43,372,25,5,3.54,36,20,5,11
E108,Pooja,01-02-2024,7.16,70.43,66,50,405,34,12,4.71,18,52,13,56
E109,Simran,08-02-2024,6.48,92.93,23,147,181,22,12,3.69,27,36,9,23
E105,Riya,05-02-2024,6.07,88.71,70,65,122,30,13,4.95,45,30,7,40
E109,Amit,05-02-2024,8.27,92.87,86,100,187,25,10,4.96,40,22,6,59
E102,Ananya,03-01-2024,7.38,71.17,64,76,144,22,16,3.54,29,56,7,70
E107,Riya,13-03-2024,6.87,95.11,27,62,298,30,5,3.08,6,26,7,50
E107,Rohit,08-01-2024,8.7,88.59,35,132,260,34,18,4.41,58,55,1,23
E101,Karan,10-03-2024,6.35,86.9,86,124,350,32,13,3.9,57,21,15,14
E105,Amit,10-02-2024,8.87,88.74,28,151,419,39,16,3.2,25,38,8,14
E106,Neha,08-03-2024,6.94,95.93,79,148,282,29,17,4.42,39,56,12,73
E101,Rahul,13-01-2024,8.67,87.61,34,148,249,25,19,3.06,45,26,11,38
E110,Amit,18-02-2024,7.81,87.43,60,152,365,34,18,4.74,53,53,16,14
E109,Vikram,29-02-2024,8.48,99.72,41,130,416,37,7,3.28,59,48,1,45
E101,Riya,02-01-2024,8.95,92.7,43,142,291,37,15,3.25,45,3,12,28
E109,Neha,29-02-2024,6.87,83.27,63,79,183,26,10,3.35,10,23,0,73
E100,Vikram,05-01-2024,8.88,91.22,20,116,150,34,14,4.92,13,22,18,31
E107,Karan,13-02-2024,7.17,81.68,29,62,166,37,17,4.39,20,47,10,43
E100,Vikram,27-01-2024,7.16,76.87,75,55,249,37,14,4.6,7,18,4,65
E108,Pooja,01-02-2024,7.02,87.91,69,133,229,39,19,3.8,2,41,0,26
E110,Pooja,21-01-2024,7.62,97.85,31,100,188,28,15,3.67,27,2,19,65
E105,Rohit,08-01-2024,6.46,97.87,79,107,177,21,16,3.47,28,26,12,26
E106,Sneha,12-03-2024,7.66,80.26,45,143,225,27,18,3.96,22,2,7,27
E109,Ananya,19-02-2024,7.63,85.83,60,119,419,39,19,4.1,17,27,5,54
E106,Ananya,07-03-2024,8.29,76.35,55,70,375,21,13,4.26,34,16,16,65
E109,Neha,13-02-2024,8.5,99.87,42,92,290,30,15,3.51,12,30,11,59
E102,Karan,27-02-2024,7.32,99.43,62,145,281,26,17,4.9,11,9,0,67
E101,Arjun,03-01-2024,6.91,89.49,25,64,405,25,7,3.34,46,48,2,27
E108,Rohit,26-03-2024,6.78,94.13,88,83,190,29,9,4.93,49,21,13,16
E107,Pooja,10-03-2024,6.58,91.45,62,51,374,24,17,3.03,4,29,7,19
E111,Neha,02-01-2024,6.17,87.79,44,129,174,30,18,3.96,38,48,10,78
E109,Arjun,27-03-2024,7.03,71.6,37,140,122,20,9,3.67,10,20,13,12
E106,Ananya,13-02-2024,6.81,83.64,81,151,145,21,14,3.9,57,35,7,53
E108,Sneha,02-01-2024,8.9,90.24,32,136,245,20,11,4.14,58,52,2,79
E103,Vikram,21-03-2024,7.67,90.33,62,131,172,38,8,3.87,10,22,6,23
E103,Pooja,04-02-2024,7.04,81.19,47,48,317,21,15,3.83,58,37,18,13
E100,Neha,27-03-2024,7.74,98.25,37,51,418,39,8,4.47,46,11,3,27
E107,Amit,30-01-2024,6.42,75.02,78,108,307,23,11,4.37,41,24,15,61
E111,Arjun,08-01-2024,7.33,85.01,79,93,305,31,13,4.67,46,53,12,47
E102,Vikram,22-01-2024,7.88,90.73,82,155,417,39,19,3.5,30,56,19,29
E106,Pooja,13-02-2024,7.47,90.91,76,93,323,37,15,4.22,30,19,18,53
E111,Ananya,27-02-2024,7.21,89.46,70,67,130,20,8,4.17,12,48,4,60
E101,Simran,05-02-2024,8.98,78.26,75,95,265,20,8,3.74,13,48,4,28
E101,Karan,09-03-2024,8.64,74.69,46,138,204,33,10,3.97,48,41,19,77
E106,Arjun,17-03-2024,7.87,89.08,51,108,219,23,10,3.63,44,6,3,75
E105,Ananya,31-01-2024,7.71,87.98,28,137,223,24,11,3.28,41,28,1,22
E102,Pooja,16-02-2024,7.86,75.38,87,149,165,30,19,3.43,24,47,12,71
E108,Arjun,24-02-2024,6.6,91.15,65,137,163,32,5,3.21,32,28,15,70
E109,Rohit,20-03-2024,7.19,83.66,86,116,397,35,17,4.37,32,12,1,39
E105,Vikram,02-03-2024,6.12,90.03,45,142,300,32,15,4.32,14,2,18,39
E109,Pooja,30-01-2024,7.43,95.12,27,145,306,21,18,4.9,15,1,16,60
E109,Rohit,24-02-2024,7.63,75.09,25,148,233,35,7,4.46,43,15,4,57
E105,Riya,16-01-2024,6.68,70.57,43,151,374,25,13,3.1,57,29,17,42
E100,Neha,12-01-2024,8.89,93.37,67,97,149,33,10,4.77,55,37,17,28
E103,Simran,17-01-2024,8.73,88.29,64,117,383,20,10,4.73,37,5,7,66
E109,Vikram,16-01-2024,8.17,90.99,32,114,217,36,9,3.89,5,44,14,28
E105,Arjun,12-01-2024,7.6,95.14,88,81,234,30,15,4.17,43,6,12,50
E105,Karan,08-01-2024,8.61,94.08,44,77,395,38,7,4.95,24,4,12,51
E110,Ananya,24-03-2024,6.39,98.83,39,107,400,22,15,4.06,14,55,15,61
E111,Amit,03-01-2024,8.37,86.08,85,92,394,30,9,4.81,3,6,19,13
E104,Ananya,16-01-2024,6.37,84.65,64,72,380,24,18,3.17,55,33,12,13
E100,Arjun,30-01-2024,8.38,82.06,66,110,326,36,5,3.38,3,31,19,14
E107,Simran,23-01-2024,6.83,74.61,82,95,330,26,7,3.88,29,48,1,50
E104,Ananya,05-01-2024,8.63,87.18,74,144,334,29,8,4.17,33,12,2,70
E111,Neha,24-03-2024,8.83,78.31,38,111,159,30,9,4.63,26,29,14,64
E111,Simran,05-03-2024,6.45,97.64,54,140,145,22,14,4.98,30,24,18,22
E111,Pooja,30-01-2024,7.39,87.5,72,90,146,39,13,3.78,55,20,12,23
E104,Rohit,21-01-2024,8.94,87.79,45,113,309,29,8,3.09,31,59,4,69
E106,Amit,24-03-2024,7.45,80.65,33,82,202,29,7,4.6,43,58,5,34
E103,Rahul,10-03-2024,8.59,71.56,64,54,289,33,14,4.21,38,20,13,53
E105,Arjun,22-01-2024,7.77,70.95,63,77,286,31,5,3.4,51,27,3,19
E103,Sneha,22-03-2024,7.13,82.7,84,54,307,34,17,3.99,8,47,18,59
E102,Rahul,12-03-2024,6.86,72.54,70,44,288,29,14,4.48,40,57,6,53
E106,Ananya,01-02-2024,6.61,88.21,62,132,408,29,10,4.54,7,19,3,23
E107,Arjun,02-02-2024,8.29,96.43,42,122,348,38,11,4,13,33,1,24
E103,Rohit,16-01-2024,7.16,96.49,75,93,216,20,14,3.61,32,4,6,25
E101,Riya,16-03-2024,7.53,89.77,38,90,135,29,19,4.95,22,17,2,11
E111,Rohit,07-02-2024,7.48,76.34,74,49,398,21,12,4.33,20,59,14,39
E109,Sneha,14-01-2024,7.73,95.89,79,51,254,36,16,3.82,54,38,0,39
E102,Amit,05-02-2024,8.6,96.58,78,157,145,26,5,3.56,11,42,1,40
E100,Rohit,23-01-2024,8.94,75.9,52,43,131,26,16,4.46,56,56,9,29
E107,Karan,06-03-2024,7.22,92.12,38,134,191,39,8,3.48,1,56,15,58
E102,Riya,25-03-2024,8.48,78.6,47,57,252,28,15,3.34,12,10,14,44
E111,Rahul,02-01-2024,8.29,94.08,71,119,225,21,9,4.06,58,53,14,32
E109,Pooja,13-03-2024,7.72,99.92,68,143,339,33,6,3.58,3,16,13,70
E106,Neha,05-03-2024,8.87,70.9,56,75,296,36,5,4.26,19,47,13,64
E109,Karan,15-03-2024,6.6,96.92,45,64,401,20,12,3.24,49,44,5,76
E104,Riya,07-03-2024,6.33,88.68,59,126,252,28,10,4.31,50,21,13,17
E109,Pooja,21-02-2024,8.56,99.2,57,115,141,39,9,3.57,47,36,16,49
E104,Pooja,02-03-2024,7.32,83.95,73,137,388,38,17,3,58,19,17,68
E106,Arjun,23-01-2024,8.54,95.42,41,75,280,23,13,3.25,13,47,19,41
E108,Riya,26-01-2024,8.68,71.87,35,140,226,27,17,4.87,29,59,18,16
E111,Amit,08-03-2024,6.19,80.06,47,106,398,32,15,4.73,28,53,16,11
E104,Ananya,22-03-2024,8.65,72.01,54,48,354,23,17,3.47,7,53,15,15
E100,Sneha,24-02-2024,7.34,99.26,79,100,137,28,15,4.56,11,47,7,45
E109,Sneha,06-01-2024,7.53,94.51,64,92,361,28,6,4.22,40,47,6,41
E109,Rahul,04-02-2024,7.88,95.58,65,57,236,37,14,4.94,37,45,19,54
E100,Rahul,22-01-2024,8.78,98.14,74,82,405,31,16,3.75,25,5,11,51
E101,Sneha,12-02-2024,6.06,72.55,45,74,401,29,12,4.36,49,33,8,62
E105,Rohit,15-01-2024,7.43,81.57,44,102,263,30,15,3.13,1,13,13,18
E108,Amit,26-03-2024,8.06,72.13,84,158,324,26,18,3.79,54,47,19,58
E107,Rohit,29-02-2024,8.17,76.32,25,137,158,28,14,4.93,39,22,0,11
E104,Rohit,12-01-2024,8.08,76.88,42,144,273,25,17,4.08,55,19,9,76
E100,Neha,18-02-2024,6.4,84.07,83,117,295,38,13,3.58,13,12,16,20
E106,Vikram,11-02-2024,6.9,78.06,62,43,360,35,5,3.24,5,46,16,59
E104,Ananya,07-02-2024,7.08,73.03,42,132,253,34,11,4.41,41,43,16,44
E105,Neha,22-03-2024,8.41,75.02,49,80,165,26,12,4.29,39,40,3,24
E106,Arjun,14-02-2024,6.84,74.42,37,84,169,35,7,3.75,30,31,16,40
E102,Vikram,04-02-2024,6.63,99.19,40,89,285,24,18,4.9,16,25,17,71
E111,Vikram,30-01-2024,8.87,92.78,76,118,225,35,8,3.04,24,49,19,37
E109,Riya,28-03-2024,6.03,99.03,42,67,335,20,17,3.61,31,52,1,34
E102,Amit,30-01-2024,8.99,83.19,64,81,265,38,7,4.84,11,13,7,34
E104,Amit,18-03-2024,8.03,78.35,63,119,191,24,11,3.64,48,51,12,10
E105,Vikram,06-01-2024,8.49,93.95,66,115,392,26,13,3.5,12,56,19,68
E108,Rohit,07-03-2024,6.88,79.79,59,155,366,38,7,4.07,18,35,14,78
E111,Riya,20-03-2024,6.04,78.98,70,108,305,24,17,4.65,43,7,19,51
E104,Ananya,07-01-2024,8.21,76.98,61,137,189,36,10,3.21,47,39,8,43
E100,Vikram,21-02-2024,8.5,73.89,26,145,269,27,12,4.89,24,21,2,75
E103,Karan,14-01-2024,8.22,77.69,69,40,365,20,10,4.59,30,21,2,27
E104,Rahul,13-03-2024,6.43,80.66,67,78,381,21,6,3.36,58,15,1,14
E111,Rahul,15-01-2024,8.26,90.22,25,135,145,34,17,4.42,36,26,0,29
E109,Neha,21-01-2024,8.31,71.88,28,129,259,39,11,3.77,24,55,13,75
E109,Arjun,04-02-2024,7.98,76.32,76,56,218,37,6,3.8,15,59,16,71
E104,Simran,06-03-2024,8.3,94.27,50,151,397,30,6,4.57,56,59,12,41
E106,Simran,02-01-2024,8.54,74.41,40,130,170,29,6,4.93,37,9,18,67
E103,Rahul,04-02-2024,7.84,80.28,59,127,270,23,15,3.25,42,24,14,59
E100,Pooja,22-03-2024,6.27,95.94,64,74,223,24,19,3.84,48,30,13,47
E104,Neha,18-03-2024,7.46,74.65,68,85,208,23,5,3.96,57,20,1,64
E106,Simran,20-01-2024,6.23,72.48,39,81,260,32,18,3.75,22,26,6,37
E109,Rahul,22-03-2024,7.22,84.54,36,157,332,32,15,3.73,13,16,16,31
E109,Arjun,10-01-2024,7.22,79.07,47,78,352,37,5,3.1,5,32,17,52
E105,Simran,25-01-2024,6.2,86.9,60,129,302,21,18,4.37,24,30,5,45
E104,Rohit,06-03-2024,7.05,94.11,85,88,370,35,11,3.87,22,49,7,61
E103,Rohit,25-01-2024,6.33,74.11,44,101,128,20,19,3.39,59,41,1,45
E101,Amit,23-02-2024,8.42,87.42,77,77,198,38,17,4.63,42,25,0,37
E103,Amit,02-02-2024,8.84,85.17,60,62,171,28,18,4.61,11,20,15,67
E109,Ananya,05-02-2024,6.22,74.32,25,61,388,22,18,3.97,12,35,6,45
E109,Vikram,14-01-2024,8.87,88.72,57,43,345,26,19,3.6,35,0,10,79
E102,Karan,05-03-2024,7.57,78.21,25,88,170,29,18,4.28,38,3,14,18
E109,Amit,20-03-2024,6.9,84.64,64,98,305,20,16,3.58,33,3,12,30
E100,Simran,23-02-2024,6.23,72.47,33,112,153,29,9,3.47,5,25,1,73
E107,Riya,21-02-2024,7.5,83.79,85,107,410,28,15,4.46,37,3,13,70
E104,Rahul,03-01-2024,8.38,79.19,59,110,349,34,7,3.08,49,48,5,49
E103,Riya,10-02-2024,8.12,94.67,22,126,250,34,5,3.19,51,8,8,65
E107,Arjun,06-01-2024,6.15,71.71,43,41,239,22,15,3.01,39,29,6,13
E106,Amit,25-01-2024,6.22,82.56,38,88,366,24,14,3.31,7,50,17,40
E101,Karan,13-01-2024,7.21,83.75,37,127,311,28,10,3.14,7,44,8,36
E100,Arjun,08-01-2024,6.89,91.75,83,143,329,28,15,4.99,39,3,3,67
E111,Pooja,21-01-2024,6.7,87.23,54,158,222,26,5,3.58,32,4,8,34
E110,Pooja,08-03-2024,6.84,90.02,81,134,252,31,13,3.3,33,44,3,78
E103,Riya,25-01-2024,8.41,93.31,20,150,258,28,6,3.48,43,22,11,79
E107,Vikram,19-03-2024,8.79,95.87,44,70,240,25,5,4.87,14,15,3,14
E111,Neha,08-03-2024,7.22,79.42,64,150,213,21,19,4.04,35,21,19,17
E101,Vikram,14-02-2024,8.72,86.14,68,79,248,28,16,3.73,59,36,13,18
E102,Simran,29-02-2024,6.96,95.2,35,87,210,36,11,4.75,56,7,6,24
E111,Rohit,12-01-2024,7.43,99.68,38,90,211,20,10,3.79,34,47,12,16
E100,Ananya,01-02-2024,6.68,96.69,42,82,182,38,10,3.67,45,32,7,24
E100,Vikram,13-01-2024,7.92,81.14,44,137,148,25,18,3.41,21,54,4,46
E102,Ananya,31-01-2024,8.94,75.85,35,94,329,24,9,3.76,22,59,11,48
E110,Ananya,18-03-2024,7.81,84.68,73,127,131,21,15,3.63,39,37,12,15
E104,Karan,20-01-2024,7.07,92.25,20,88,416,28,8,4.35,44,42,19,66
E111,Amit,18-01-2024,7.94,84.78,61,129,249,33,15,3.58,54,15,13,28
E102,Karan,29-02-2024,6.37,84.5,38,119,412,23,8,4.15,50,4,17,72
E100,Ananya,03-03-2024,8.67,95.15,53,96,292,23,7,3.13,21,15,19,40
E100,Arjun,06-01-2024,7.51,80.84,74,150,327,34,14,3.38,4,6,3,19
E107,Pooja,01-02-2024,7.35,95.79,37,116,143,27,12,3.81,30,50,17,76
E109,Ananya,12-02-2024,7.76,82.2,53,54,218,23,11,4.87,12,0,6,71
E110,Karan,02-01-2024,7.87,79.85,64,66,258,35,13,3.75,27,8,14,12
E111,Arjun,29-02-2024,6.22,83.62,25,107,293,23,5,4.33,57,17,5,27
E111,Karan,23-01-2024,8.05,92.87,40,119,148,35,11,3.51,19,44,15,34
E101,Vikram,23-03-2024,6.73,73.78,89,103,262,31,14,3.25,32,57,19,29
E102,Rahul,31-01-2024,8.14,75.89,67,133,161,35,8,3.12,15,46,7,67
E101,Riya,05-01-2024,8.47,98.54,58,147,418,38,11,3.61,28,2,15,59
E102,Neha,23-03-2024,8.41,75.26,50,69,327,27,17,3.32,22,23,15,19
E106,Rohit,03-02-2024,7.66,87.03,29,75,311,25,16,3.35,23,27,2,30
E100,Karan,10-01-2024,7.56,87.38,49,106,279,29,5,4.52,33,9,16,38
E109,Neha,29-03-2024,6.43,84.69,37,125,183,24,9,3.03,6,8,8,19
E107,Sneha,02-01-2024,8.33,89.34,79,152,362,37,7,4.12,37,12,2,22
E109,Karan,11-01-2024,6.81,76.89,34,125,377,29,9,3.76,36,47,19,56
E109,Rahul,19-02-2024,7.49,86.58,23,153,271,29,8,4.01,3,34,6,32
E109,Neha,31-01-2024,6.85,81.17,82,153,334,26,6,4.13,33,53,17,59
E101,Rohit,25-02-2024,6.4,89.85,59,158,285,37,15,3.63,41,22,11,13
E102,Ananya,19-03-2024,7.89,74.24,28,88,150,20,8,3.59,21,46,18,76
E108,Karan,13-03-2024,6.16,87.13,28,115,351,26,7,4.47,4,16,15,62
E106,Amit,27-03-2024,8.25,75.56,45,94,401,20,17,4.74,49,45,16,11
E103,Riya,23-03-2024,6.95,78.36,23,124,148,34,5,3.39,41,6,19,77
E109,Rahul,09-01-2024,6,76.56,35,95,314,23,16,3.2,22,51,14,74
E104,Simran,21-01-2024,7.53,75.49,34,107,375,39,14,4.8,53,15,0,66
E101,Simran,13-03-2024,6.14,94.77,71,134,400,29,12,3.7,59,52,1,79
E110,Neha,28-01-2024,6.83,78.57,88,83,413,28,19,4.1,14,39,7,16
E107,Rahul,02-03-2024,8.12,97.81,24,70,206,21,9,3.72,30,35,1,28
E103,Arjun,07-01-2024,6.19,99.1,39,97,268,33,8,3.25,58,19,18,53
E108,Rohit,20-03-2024,8.52,87.14,37,126,368,35,14,4.18,8,23,8,72
E104,Riya,16-01-2024,6.01,74.29,21,157,402,20,16,4.05,42,46,8,74
E108,Ananya,04-01-2024,6.74,81.24,32,92,317,21,9,3.41,57,4,12,48
E103,Karan,04-01-2024,8.22,93.93,23,123,163,26,8,3.9,52,44,5,35
E109,Karan,09-02-2024,6.95,81.02,61,118,147,29,7,4.59,24,5,14,53
E104,Simran,17-01-2024,6.31,72.61,80,62,136,39,9,4.18,24,27,18,21
E108,Karan,21-02-2024,7.08,86.7,27,67,246,20,8,3.19,48,58,14,31
E107,Riya,21-02-2024,6.81,95.35,86,55,287,32,19,4.1,20,4,17,23
E102,Amit,05-02-2024,8.53,93.88,82,76,363,20,5,4.41,8,48,6,39
E100,Sneha,07-02-2024,6.94,75.25,28,60,195,24,16,4.59,54,38,10,53
E102,Pooja,19-02-2024,8.37,90.18,30,118,350,35,7,4.26,47,37,7,47
E103,Vikram,03-03-2024,8.68,76.62,61,56,323,34,14,3.31,37,1,5,68
E101,Neha,03-03-2024,7.3,76.55,32,153,367,36,19,4.42,21,42,7,51
E100,Amit,02-03-2024,8.73,96.22,55,76,333,35,14,4.35,42,38,1,61
E106,Ananya,07-01-2024,7.13,77.49,32,116,334,32,12,3.05,22,53,18,72
E107,Simran,27-01-2024,8.89,77.9,31,58,277,30,11,3.82,48,20,15,70
E106,Neha,26-03-2024,6.27,70.02,56,69,188,36,6,3.67,3,39,6,43
E104,Karan,14-01-2024,8.06,96.12,71,84,204,36,5,4.34,28,36,9,48
E111,Rahul,11-03-2024,7.48,93.78,21,57,386,21,7,3.43,14,58,11,50
E100,Ananya,26-03-2024,7.16,88.82,75,117,188,32,9,4.18,0,17,16,46
E106,Neha,05-01-2024,7.9,92.51,79,101,218,33,14,4.83,53,53,6,74
E106,Rohit,24-02-2024,8.11,74.56,42,75,335,30,19,4.6,29,47,7,41
E108,Karan,02-01-2024,6.01,83.75,59,139,280,29,15,4.84,28,45,6,17
E102,Neha,02-03-2024,6.5,80.54,83,123,213,22,16,4.96,19,11,3,27
E108,Rahul,21-01-2024,8.14,72.81,42,91,293,36,5,3.02,32,16,2,54
E100,Rohit,19-03-2024,8,84.58,48,58,284,34,7,4.25,40,36,18,42
E100,Karan,21-01-2024,8.9,97.62,70,148,234,28,7,3.83,43,45,14,14
E103,Sneha,10-01-2024,8.28,71.2,88,83,339,29,9,4.72,35,37,3,45
E108,Amit,27-03-2024,8.85,78.74,50,46,150,27,7,3.5,59,14,8,32
E105,Arjun,27-02-2024,8.11,76.23,69,83,130,32,17,4.96,21,6,12,49
E110,Simran,08-02-2024,6.89,77.14,39,156,249,37,13,4.23,12,13,17,14
E102,Vikram,05-01-2024,6.32,97.25,74,107,224,24,5,4.59,6,49,15,43
E100,Riya,05-03-2024,8.35,84.04,21,73,146,25,8,3.17,7,0,0,33
E103,Simran,13-01-2024,7.93,83.99,44,105,346,36,17,3.37,27,37,3,26
E111,Vikram,25-03-2024,6.14,92.82,32,108,121,30,17,4.52,44,2,17,31
E108,Ananya,30-03-2024,7.08,74.63,89,94,220,39,14,3.04,42,36,7,24
E102,Vikram,25-03-2024,8.87,84.62,86,49,140,35,14,4.63,8,43,19,24
E111,Karan,22-02-2024,7.5,82.9,77,135,177,28,8,3.03,24,30,15,34
E108,Sneha,22-03-2024,7.3,87.91,83,81,299,21,5,4.31,55,42,10,62
E106,Arjun,14-02-2024,7.37,99.99,88,80,139,24,18,3.73,15,12,19,30
E111,Amit,01-02-2024,6.63,93.08,78,116,374,20,6,4.22,9,47,18,75
E103,Amit,05-02-2024,7.11,81.94,79,142,157,23,15,4.39,10,17,18,41
E102,Rahul,21-03-2024,7.11,94.83,81,108,267,23,5,3.68,30,16,17,30
E109,Riya,29-02-2024,6.16,75.12,35,49,144,22,10,3.22,11,16,18,77
E104,Neha,11-01-2024,8.3,70.91,87,49,240,28,7,3.14,59,10,10,53
E104,Sneha,03-03-2024,7.25,76.13,34,141,145,31,11,4.18,30,19,2,75
E102,Neha,21-01-2024,8.47,80.21,74,130,288,29,9,4.04,13,9,7,23
E111,Arjun,21-02-2024,8.55,85.32,54,99,344,21,13,4.48,50,28,19,24
E108,Vikram,24-02-2024,6.64,88.45,74,90,120,30,11,4.02,43,47,18,29
E103,Amit,26-01-2024,7.97,97.32,33,60,380,29,8,3.84,31,33,9,43
E110,Arjun,08-03-2024,7.42,85.3,68,47,132,25,9,3.8,49,16,15,45
E104,Vikram,03-02-2024,8.64,85.04,26,104,167,37,9,3.05,52,53,4,18
E103,Amit,21-02-2024,6.65,71.51,49,131,410,21,15,3.67,16,51,19,39
E104,Vikram,22-03-2024,8.03,71.05,68,152,213,21,19,4.95,34,41,8,72
E106,Riya,21-02-2024,7.82,86.53,35,142,380,29,9,4.75,0,12,7,44
E108,Sneha,29-01-2024,6.89,83.15,70,117,397,35,14,3.66,28,43,10,22
E106,Simran,07-02-2024,6.41,95.18,61,124,324,31,13,4.18,50,46,15,55
E104,Rohit,11-02-2024,7.95,74.82,36,69,304,20,14,4.69,3,38,6,65
E109,Ananya,21-01-2024,8.22,70.75,82,124,294,27,7,3.88,22,26,14,18
E109,Arjun,11-02-2024,6.95,83.47,64,88,188,35,10,3.04,27,53,19,45
E106,Arjun,13-01-2024,7.93,77.12,26,48,223,37,12,3.15,15,52,16,12
E109,Rohit,04-03-2024,7.19,71.49,46,56,365,32,15,4.02,11,25,5,28
E104,Simran,17-01-2024,8.14,91.74,29,108,280,34,13,4.94,52,27,14,37
E102,Pooja,09-01-2024,6.6,73.35,53,97,319,31,17,4.39,20,12,7,32
E106,Karan,10-02-2024,8.67,88.25,55,96,335,27,19,3.14,44,11,6,16
E110,Riya,01-01-2024,6.86,78.43,44,101,331,29,11,3.38,16,43,1,23
E110,Riya,02-01-2024,7.1,75.2,25,134,135,33,16,4.54,39,27,12,55
E101,Rohit,29-02-2024,6.17,81.39,43,91,324,24,7,4.68,12,1,5,24
E111,Neha,17-02-2024,6.33,94.04,37,100,158,37,5,4.24,51,36,4,76
E108,Vikram,29-01-2024,7.55,81.76,25,79,208,38,8,4.29,57,56,19,24
E109,Karan,10-01-2024,6.8,92.52,48,77,375,34,17,3.06,31,56,0,60
E109,Sneha,27-02-2024,8.51,73.76,44,82,373,25,10,4.66,36,33,17,17
E111,Sneha,29-02-2024,6.04,93.18,74,102,335,30,7,4.58,49,22,14,78
E100,Rohit,21-01-2024,7.14,77.11,65,58,291,30,18,3.52,14,57,9,71
E105,Riya,28-01-2024,7.01,90.32,43,139,256,39,5,4.42,11,51,2,60
E106,Sneha,15-03-2024,6.06,86.97,45,89,297,39,10,3.43,48,44,4,72
E107,Pooja,03-02-2024,6.37,97.87,47,72,196,37,18,3.08,56,28,12,77
E109,Arjun,08-01-2024,7.24,81.62,22,52,307,37,5,3.4,14,34,7,25
E108,Rahul,28-02-2024,7.48,71.98,57,117,134,29,13,3.36,33,10,1,33
E101,Ananya,26-03-2024,7.21,70.57,80,159,411,21,15,3.68,5,47,8,15
E110,Rohit,12-03-2024,7.59,94.81,70,136,333,28,18,3.84,16,32,16,66
E109,Neha,18-02-2024,7.79,85.74,67,101,327,33,16,4.02,47,50,17,40
E101,Vikram,19-03-2024,6.03,93.26,40,132,288,38,5,3.95,48,10,12,15
E104,Ananya,17-01-2024,7.39,77.03,73,82,399,29,17,3.54,56,8,0,38
E104,Vikram,29-02-2024,8.89,80.35,75,88,265,23,10,3.06,19,13,11,76
E105,Amit,27-03-2024,7.56,70.9,78,75,382,25,5,4.21,8,8,19,12
E102,Ananya,28-03-2024,8.03,98.84,70,147,123,33,16,3.79,58,38,19,37
E107,Rahul,14-02-2024,6.94,90.04,39,49,209,23,11,3.6,4,47,4,57
E100,Riya,23-03-2024,8.32,98,78,134,179,34,7,4.73,22,2,7,19
E105,Pooja,09-03-2024,8.32,77.96,28,45,135,35,10,4.49,32,28,14,42
E103,Arjun,01-02-2024,7.56,88.34,20,96,346,26,11,4.72,37,18,2,76
E100,Arjun,13-02-2024,8.93,90.35,48,40,148,36,5,3.99,55,35,5,78
E106,Pooja,05-03-2024,6.38,79.53,82,110,270,38,5,3.26,13,31,12,21
E108,Karan,27-03-2024,6.05,95.44,75,97,364,38,17,4.39,16,6,11,66
E103,Amit,08-01-2024,8.31,98.41,87,130,389,36,9,3.41,56,54,18,53
E103,Vikram,17-03-2024,8.42,96.55,54,60,198,25,10,3.88,18,27,17,22
E105,Rahul,12-03-2024,6.36,92.17,22,131,408,30,19,3.13,32,43,0,33
E111,Sneha,27-03-2024,6.8,78.32,26,119,272,35,19,4.65,0,17,6,53
E102,Ananya,12-02-2024,6.05,78.45,46,95,396,27,13,3.25,12,59,11,66
E111,Amit,01-01-2024,6.88,98.9,20,149,398,30,18,4.81,45,4,9,25
E105,Rohit,20-02-2024,8.32,70.31,63,126,176,26,5,4.73,26,22,11,30
E106,Ananya,24-01-2024,7.55,91.48,60,155,305,38,17,3.93,5,54,10,60
E110,Rahul,24-01-2024,7.04,91.19,61,59,212,29,8,4.49,58,21,3,30
E109,Neha,17-01-2024,7.12,88.68,52,141,395,28,14,4.24,5,25,18,69
E109,Neha,05-01-2024,6,99.7,69,93,277,23,12,4.61,32,41,5,60
E102,Amit,20-01-2024,6.9,79.36,82,64,394,34,14,3.86,29,11,8,30
E106,Riya,21-01-2024,7.94,80.2,56,67,300,32,13,4.57,45,39,19,15
E102,Rahul,27-02-2024,8.92,72.37,78,44,196,21,19,3.92,34,18,9,74
E101,Rahul,31-01-2024,8.54,83.28,67,159,270,21,17,4.88,22,46,4,67
E111,Pooja,11-01-2024,6.07,77.83,24,60,357,35,7,3.97,9,0,12,15
E109,Riya,21-02-2024,8.7,80.3,67,57,408,28,15,3.93,50,2,8,74
E103,Vikram,15-01-2024,8.35,95.04,22,86,350,32,6,4.57,18,26,1,43
E111,Vikram,23-03-2024,8.34,98.06,66,109,137,22,8,4.64,50,17,17,65
E107,Sneha,07-01-2024,7.37,75.57,81,96,192,28,6,4.11,27,49,0,12
E108,Arjun,28-01-2024,7.19,81.18,33,132,308,32,5,3.36,22,29,11,51
E106,Neha,20-02-2024,6.91,97.86,82,58,136,21,16,3.94,3,1,9,71
E100,Rohit,27-02-2024,6.2,71.85,80,136,138,27,7,4.94,19,4,1,15
E102,Vikram,05-01-2024,6.68,72.77,50,104,338,28,11,4.51,18,28,8,15
E111,Riya,05-01-2024,6.74,74.88,36,148,239,35,17,4.62,41,32,1,72
E108,Rahul,08-01-2024,7.45,87.86,43,42,220,21,17,3.07,26,41,13,29
E111,Rohit,04-03-2024,8.24,74.51,42,81,153,25,5,3.94,56,19,10,30
E100,Simran,10-01-2024,7.42,99.04,69,60,203,27,6,4.29,33,29,10,11
E108,Vikram,07-02-2024,6.17,83.4,89,138,315,24,5,4.66,3,41,16,65
E107,Rahul,21-03-2024,8.87,85.05,46,144,321,28,12,3.1,55,4,3,19
E100,Vikram,08-01-2024,8.83,77.4,34,79,130,20,9,4.7,37,49,12,79
E105,Neha,25-01-2024,8.36,84.13,69,106,337,28,12,4.1,6,20,6,32
E104,Simran,13-03-2024,8.97,89.86,55,64,372,29,7,3.39,47,57,15,39
E105,Ananya,06-03-2024,7.63,92.54,27,148,341,23,17,3.63,6,14,0,46
E109,Vikram,19-03-2024,8.89,92.62,22,141,199,22,16,3.56,49,19,12,64
E111,Riya,19-02-2024,6.23,87.34,81,148,126,29,11,4.06,51,7,0,58
E104,Vikram,07-03-2024,7.1,97.13,66,94,391,34,12,3.1,25,48,10,43
E105,Arjun,18-02-2024,6.68,94.52,80,123,346,30,19,3.32,25,30,5,53
E104,Rohit,05-02-2024,6.59,92.71,51,91,135,33,10,4.63,53,11,19,31
E110,Rohit,08-03-2024,6.42,71.67,32,83,131,25,17,3.27,18,20,2,40
E111,Neha,18-03-2024,7.87,70.21,20,148,410,31,17,3.47,8,29,11,16
E104,Riya,10-02-2024,8.34,76.37,53,137,360,32,11,3.91,19,26,4,30
E103,Simran,29-03-2024,7.73,89.91,81,124,140,36,18,4.03,41,43,8,25
E102,Pooja,02-03-2024,6.44,82.34,50,95,297,35,16,4.53,44,25,11,29
E102,Riya,10-01-2024,8.43,82.07,83,94,347,22,6,3.89,49,32,9,52
E103,Rohit,21-01-2024,7.91,96.54,44,151,392,21,12,4.58,15,25,18,53
E108,Arjun,05-02-2024,7.16,96.87,57,126,407,30,9,4.24,53,25,4,56
E101,Ananya,12-01-2024,8.02,97.28,33,109,416,28,11,3.23,16,35,4,28
E108,Neha,02-01-2024,6.78,79.42,27,154,253,22,5,3.31,21,39,8,57
E100,Pooja,13-01-2024,7.04,90.73,73,156,402,37,9,3.87,12,0,19,78
E100,Arjun,22-02-2024,8.75,78.15,21,116,272,39,5,3.79,11,58,16,20
E104,Simran,01-02-2024,6.87,75.72,75,152,185,34,16,4.49,9,14,9,38
E105,Simran,16-01-2024,7.41,75.54,80,126,256,33,17,4.16,0,49,0,54
E105,Arjun,01-02-2024,8.67,80.26,41,112,211,21,12,3.78,31,0,15,77
E102,Amit,01-02-2024,8.12,82.9,54,120,378,36,19,3.34,29,10,14,45
E106,Neha,11-01-2024,6.19,94.93,35,105,222,27,8,3.45,7,54,16,57
E108,Riya,10-01-2024,6.44,73.6,69,58,174,29,8,4.15,20,1,19,24
E110,Rahul,15-01-2024,6.02,92.05,62,122,376,37,6,3.85,21,0,12,53
E111,Ananya,17-01-2024,7.89,85.94,36,159,220,38,9,4.03,17,30,0,76
E109,Rahul,09-02-2024,7.34,78.64,77,46,317,27,5,3.34,1,43,7,49
E107,Riya,18-01-2024,6.4,84.78,21,157,345,27,13,4.33,47,15,4,23
E105,Riya,24-02-2024,8.87,79,23,102,356,22,9,4.71,43,53,5,72
E111,Neha,13-03-2024,7.59,87.88,58,81,145,22,10,3.52,8,21,19,60
E107,Riya,25-01-2024,6.73,83.02,25,81,240,31,6,3.98,2,41,13,67
E111,Rohit,28-02-2024,7.5,74.93,88,98,301,36,14,4.95,53,17,10,24
E104,Amit,18-03-2024,8.04,73.5,88,59,318,23,14,3.67,25,46,5,74
E107,Pooja,29-03-2024,6.23,86.4,39,112,374,36,5,4.19,20,16,10,64
E109,Riya,22-01-2024,6.82,97.07,83,56,241,33,8,3.18,29,29,12,19
E111,Rahul,30-01-2024,8.42,80.32,35,66,150,38,11,4.21,27,9,11,51
E103,Riya,24-03-2024,7.38,91.99,70,86,404,28,10,3.18,35,34,1,20
E109,Simran,25-03-2024,7.64,89.76,56,41,225,31,14,4.92,25,57,2,25
E107,Amit,13-02-2024,7.3,97.95,88,102,343,24,5,4.43,33,20,3,28
E109,Rohit,01-02-2024,6.13,94.63,61,101,392,30,5,4.58,7,15,16,40
E111,Rohit,20-02-2024,6.5,87,76,139,351,39,12,4.41,9,5,5,62
E101,Vikram,15-02-2024,7.34,89.71,85,58,375,22,8,4.18,47,2,6,17
E111,Rohit,21-01-2024,6.63,96.95,28,56,143,34,9,3.9,54,40,14,33
E111,Vikram,01-02-2024,6.15,81.99,83,108,228,33,17,4.72,42,42,10,17
E104,Arjun,08-02-2024,8.53,79.8,41,78,310,30,11,4.91,49,20,2,57
E108,Ananya,12-01-2024,8.94,70.32,53,121,144,39,12,4,53,12,5,39
E103,Sneha,16-02-2024,8.38,94.8,74,156,306,27,19,4.86,13,17,1,67
E110,Rohit,18-01-2024,8.56,94.03,48,157,407,23,14,4.17,39,57,13,64
E105,Pooja,21-01-2024,6.73,73.13,57,110,235,31,11,4.08,54,53,8,71
E100,Simran,13-01-2024,8.88,87.31,37,120,156,27,6,3.91,14,59,17,57
E108,Karan,21-01-2024,6.59,83.92,84,78,401,25,18,3.42,16,23,18,13
E100,Arjun,08-01-2024,8.85,73.56,20,75,256,34,19,3.01,52,26,11,46
E104,Rohit,15-02-2024,8.98,99.42,23,79,346,31,8,3.48,17,53,12,17
E103,Ananya,07-01-2024,8.14,76.44,23,84,301,35,14,4.02,31,3,11,10
E111,Vikram,23-01-2024,8.94,72.02,46,43,205,35,16,3.76,37,21,11,79
E102,Rahul,15-03-2024,7.71,87.85,62,141,172,39,5,3.9,22,23,17,56
E105,Karan,26-03-2024,6.78,92.17,78,64,354,39,14,4.96,45,39,8,14
E101,Ananya,22-01-2024,7.31,70.97,51,108,386,23,13,3.7,22,44,16,59
E102,Ananya,29-03-2024,7.78,89.76,52,69,406,30,7,3.9,34,9,15,33
E104,Rohit,22-01-2024,6.22,85.97,47,115,219,32,16,3.27,38,1,16,56
E108,Arjun,29-01-2024,7.87,73.1,74,107,206,28,7,3.1,14,39,7,27
E101,Karan,13-01-2024,8.94,75.18,79,127,134,23,14,4.55,52,5,10,37
E109,Neha,22-03-2024,6.57,87.04,89,68,220,31,13,4.14,23,47,1,14
E107,Sneha,02-01-2024,8.38,78.89,81,112,284,28,14,4.52,27,17,7,39
E101,Neha,29-01-2024,8.72,98.15,53,107,148,32,7,3.3,15,16,11,10
E110,Simran,25-03-2024,8.83,94.56,75,90,233,35,12,4.14,15,37,0,55
E104,Karan,19-03-2024,8.88,99.51,32,63,226,25,6,3.51,39,44,12,78
E106,Neha,21-02-2024,7.56,77.79,75,53,249,29,18,3.46,38,22,16,40
E107,Rohit,27-01-2024,8.93,99.09,37,108,203,32,17,3.02,5,45,13,79
E100,Amit,19-02-2024,8.27,82.94,73,57,390,26,7,3.26,1,29,13,65
E105,Vikram,19-03-2024,6.49,80.43,62,81,363,38,6,3.62,53,57,15,37
E100,Amit,23-01-2024,7.43,71.51,58,96,333,38,5,3.23,12,20,16,25
E101,Riya,28-03-2024,8.15,71.58,80,122,285,36,6,4.97,43,9,5,63
E100,Neha,13-02-2024,6.74,90.76,61,51,398,32,12,3.62,46,55,6,62
E110,Simran,17-03-2024,7.92,83.74,37,121,178,32,13,3.26,58,42,0,21
E104,Riya,22-01-2024,8,76.8,42,56,209,21,17,3.4,8,12,14,29
E109,Rahul,12-02-2024,6.49,88.42,73,69,313,29,6,4.18,33,11,19,43
E108,Pooja,06-02-2024,7.7,77.59,49,127,242,32,11,3.13,16,8,17,62
E105,Rahul,01-03-2024,8.31,87.33,77,114,255,28,19,4.72,26,3,12,73
E110,Karan,25-02-2024,7.5,80.78,87,138,258,20,9,4.92,28,38,1,32
E110,Ananya,03-01-2024,6.04,94.71,86,62,348,33,7,3.49,36,23,18,36
E100,Vikram,03-03-2024,6.03,94.62,37,120,393,35,13,3.9,42,53,14,26
E100,Neha,19-01-2024,7.07,84.32,26,40,169,39,19,3.04,21,33,11,57
E101,Simran,23-01-2024,8.78,80.52,59,118,237,34,10,4.28,50,38,14,30
E108,Simran,29-01-2024,6.69,80.88,89,71,321,20,15,3.83,23,40,17,59
E102,Arjun,30-01-2024,7.9,94.17,84,48,310,36,5,3.54,6,4,13,49
E100,Pooja,08-02-2024,6.67,79.85,87,54,300,32,9,3.41,33,14,5,12
E104,Sneha,25-01-2024,6.97,76.27,68,67,197,34,11,4.31,47,49,11,26
E106,Sneha,08-01-2024,8.54,72.54,71,63,194,35,8,3.83,11,3,19,70
E105,Sneha,27-02-2024,8.19,84,48,99,414,35,12,3.36,22,50,5,59
E111,Neha,16-01-2024,6.29,84.46,40,74,400,21,14,4.38,14,51,8,15
E100,Sneha,12-03-2024,7.29,95.23,28,125,140,36,9,4.13,32,57,3,37
E104,Rohit,01-01-2024,6.09,76.64,66,66,290,30,13,4.72,56,38,16,64
E104,Amit,05-01-2024,7.44,81.43,61,122,134,27,13,3.23,12,57,1,67
E105,Simran,03-01-2024,7.99,94.25,70,148,330,39,13,4.57,22,7,15,54
E102,Pooja,05-03-2024,6.36,94.71,75,115,167,22,5,4.35,37,48,13,28
E104,Amit,04-01-2024,6.87,81.54,70,59,205,31,6,3.23,31,44,7,38
E106,Ananya,04-03-2024,7.19,83.77,89,104,268,39,7,4.39,44,23,13,32
E104,Pooja,29-03-2024,8.76,79.1,39,124,307,35,18,3.88,49,52,1,41
E104,Amit,10-01-2024,8.98,97.98,46,88,270,33,8,4.89,34,27,15,19
E104,Pooja,21-01-2024,6.13,73.56,57,148,260,35,14,3.28,0,54,3,58
E109,Ananya,15-02-2024,8.28,98.01,84,40,188,36,13,4.29,46,42,0,74
E109,Riya,27-01-2024,7.12,90.52,73,49,379,30,14,3.76,57,26,19,38
E102,Rohit,06-03-2024,7.18,85.95,43,86,128,36,17,4.91,44,0,13,68
E100,Neha,10-02-2024,8.26,70.98,66,98,240,38,10,3.66,4,33,7,54
E104,Neha,13-01-2024,8.76,84.27,82,135,220,20,5,4.92,56,16,2,76
E108,Simran,09-01-2024,8.85,82.23,76,101,268,31,16,4.8,12,36,4,60
E100,Sneha,05-02-2024,7.73,74.84,74,142,265,34,13,3.54,53,37,5,20
E102,Rohit,26-03-2024,7.07,89.69,79,125,362,37,10,4.61,4,25,7,15
E103,Rahul,30-03-2024,8.36,99.13,81,57,360,33,8,4.99,59,56,5,76
E100,Sneha,27-02-2024,6.75,86.87,49,151,162,20,18,3.51,31,23,5,71
E100,Simran,23-02-2024,7.69,91.44,41,85,214,32,8,3.87,50,38,3,14
E107,Karan,12-01-2024,7.08,72.05,48,71,345,34,7,4.04,20,59,6,18
E101,Rohit,21-03-2024,7.97,82.53,60,66,125,26,11,3.59,23,20,18,37
E111,Amit,18-03-2024,6.72,73.49,61,131,333,34,7,3.03,59,29,6,47
E107,Pooja,14-01-2024,6.57,88.38,84,57,325,39,6,3.44,17,46,2,52
E106,Rahul,03-02-2024,8.75,98.15,50,78,186,29,14,3.56,20,50,7,30
E109,Rohit,22-02-2024,6.31,89.85,49,88,219,33,12,3.89,53,47,0,71
E109,Ananya,20-01-2024,7.52,72.3,37,132,131,25,8,3.34,9,56,0,55
E101,Karan,15-03-2024,6.66,80.64,36,121,356,33,12,4.75,23,12,13,79
E105,Ananya,16-01-2024,6.12,86.52,57,83,377,31,5,4.41,39,36,5,47
E105,Neha,10-03-2024,6.11,82.1,33,111,254,30,19,3.17,46,2,9,58
E102,Neha,25-02-2024,6.53,95.01,75,93,341,39,9,4.3,20,31,13,48
E110,Sneha,23-03-2024,8.6,94.44,41,134,275,38,17,4.31,24,34,3,39
E101,Amit,27-02-2024,6.85,88.35,86,73,261,21,13,4.91,51,18,5,30
E111,Rahul,04-01-2024,8.85,81.2,75,110,277,39,5,3.01,59,13,15,10
E100,Vikram,04-01-2024,7.74,77.66,38,75,381,20,15,3.5,56,47,0,41
E105,Karan,20-01-2024,7.31,73.18,76,57,402,27,17,4.86,58,21,5,17
E111,Karan,10-01-2024,7.74,80.65,63,77,348,33,8,4.86,22,16,8,78
E104,Rohit,24-01-2024,7.55,82.4,54,98,399,28,10,4.44,21,58,14,39
E110,Sneha,26-01-2024,8.28,90.27,20,48,409,21,14,4.53,3,3,11,17
E108,Neha,06-02-2024,6.85,89.74,71,112,287,24,12,3.18,33,44,2,28
E100,Sneha,25-03-2024,7.06,72.1,89,149,166,27,18,4.03,55,39,10,68
E106,Pooja,23-02-2024,8.68,81.86,56,111,322,35,7,3.46,5,18,14,64
E104,Rohit,21-01-2024,8.84,75.45,84,90,333,35,9,3.36,27,36,2,39
E104,Rohit,14-03-2024,8.68,74.7,70,74,365,32,11,4.62,30,1,13,45
E101,Rahul,07-02-2024,7.26,94.82,20,121,143,39,5,3.27,34,14,1,64
E110,Amit,15-02-2024,8.34,71.26,40,44,393,34,19,3.94,38,1,3,53
E102,Simran,04-01-2024,7.43,82.58,72,53,163,20,11,4.88,41,10,18,36
E106,Riya,29-02-2024,7.49,75.05,35,131,275,22,17,3.37,22,44,11,63
E105,Simran,26-02-2024,6.61,96.38,80,69,318,25,16,4.96,5,22,1,57
E111,Arjun,14-02-2024,7.77,86.71,73,43,281,33,15,4.99,15,9,16,39
E101,Arjun,20-01-2024,6.56,76.94,59,78,353,23,12,4.11,1,2,2,48
E105,Rohit,17-01-2024,6.99,85.07,45,123,282,37,12,3.34,23,4,9,22
E101,Sneha,11-03-2024,8.57,91.94,84,103,235,34,13,3.63,16,2,15,25
E101,Pooja,04-01-2024,6.62,98.74,83,64,212,28,10,3.85,44,37,8,53
E101,Rahul,14-01-2024,6.21,76.61,62,67,161,37,16,3.62,0,12,10,36
E110,Vikram,03-01-2024,6.21,96.59,36,115,403,22,10,3.56,5,41,14,54
E102,Arjun,28-03-2024,8.82,98.03,78,105,329,29,6,4.94,4,18,2,44
E101,Rahul,20-03-2024,7.52,97.49,42,146,325,36,7,3.31,56,39,15,37
E103,Rohit,27-02-2024,7.23,89.06,26,117,339,26,8,4.47,44,49,11,16
E108,Amit,24-02-2024,8.43,88.89,63,61,399,34,8,3,59,34,4,71
E105,Ananya,04-01-2024,8.51,82.1,72,70,255,20,12,4.19,54,23,6,60
E100,Simran,24-01-2024,7,92.57,53,62,225,30,18,4.83,49,23,8,55
E107,Pooja,03-02-2024,8.08,85.94,65,87,237,36,5,3.58,28,16,17,29
E111,Neha,30-01-2024,8.31,90.32,87,59,356,24,14,3.37,11,39,7,47
E106,Rahul,22-03-2024,7.96,82.85,35,77,219,26,18,4.3,38,9,11,70
E109,Amit,19-01-2024,6.45,91.94,38,94,380,38,8,4.43,46,1,19,41
E102,Vikram,31-01-2024,8.63,94.73,21,107,405,34,15,4.38,2,43,1,35
E100,Riya,29-02-2024,7.62,74.39,29,118,222,22,16,3.64,47,22,9,67
E104,Simran,29-02-2024,6.85,94.99,69,127,182,34,17,3.5,0,5,18,48
E103,Neha,19-01-2024,7.28,86.21,31,128,294,24,15,4.91,26,1,8,29
E109,Simran,18-02-2024,6.11,95.34,89,40,401,31,15,4.85,47,20,7,59
E107,Rohit,03-03-2024,6.38,82.94,41,46,412,39,8,3.91,23,54,0,61
E100,Riya,23-03-2024,8.3,81.37,51,96,345,24,5,4.69,43,55,5,31
E109,Simran,22-01-2024,6,97.45,20,134,126,22,7,3.9,18,34,11,62
E100,Vikram,24-01-2024,7.25,77.54,73,51,246,28,9,3.85,58,48,18,75
E111,Amit,16-03-2024,7.57,95.33,77,145,211,28,10,3.31,7,28,16,52
E103,Arjun,30-01-2024,6.16,84.52,89,44,309,26,13,3.85,54,6,1,32
E107,Riya,27-02-2024,8.92,85.42,37,147,172,21,13,4.07,43,28,10,73
E104,Rohit,31-01-2024,6.68,79.25,25,89,361,35,13,3.05,46,52,17,18
E101,Neha,04-03-2024,6.91,87.19,64,81,251,28,15,3.89,1,36,10,16
E105,Sneha,19-01-2024,6.91,79.76,42,141,231,32,5,4.56,29,22,17,50
E104,Karan,17-02-2024,6.69,71.18,42,51,126,38,16,4.36,29,32,7,63
E101,Rahul,14-02-2024,6,78.16,45,142,349,39,13,4.27,48,7,14,74
E110,Simran,24-02-2024,8.19,70.19,26,57,275,36,17,4.82,38,11,8,11
E110,Arjun,24-02-2024,8.9,99.35,63,105,316,25,12,3.04,44,45,14,13
E110,Riya,18-01-2024,6.67,98.97,46,113,342,23,6,4.11,31,47,6,41
E102,Simran,03-03-2024,7.99,81.85,45,118,369,20,17,4.57,0,9,19,11
E108,Ananya,16-02-2024,8.23,91.85,55,133,202,37,15,4.08,37,14,12,73
E106,Rahul,15-03-2024,8.55,80.37,74,147,359,38,5,3.65,12,52,12,23
E106,Sneha,26-02-2024,7.27,90.13,83,56,382,28,5,3.27,10,23,0,29
E110,Vikram,14-02-2024,6.91,94.16,76,107,308,32,16,4.78,9,25,19,58
E105,Karan,02-02-2024,6.98,98.4,88,110,409,27,10,3.94,47,46,3,17
E107,Amit,17-01-2024,8.14,82.01,80,101,177,32,13,4.76,58,41,3,72
E103,Simran,10-03-2024,8.45,93.5,21,80,128,34,11,4.17,25,52,3,55
E107,Sneha,04-01-2024,6.54,77.98,74,134,234,30,9,4.35,55,59,12,30
E103,Sneha,20-01-2024,7.11,99.71,57,154,329,31,15,4.61,54,38,1,41
E107,Vikram,16-02-2024,8.71,70.77,48,158,160,33,6,4.32,19,57,14,17
E108,Pooja,15-01-2024,8.42,88.11,45,142,292,23,5,3.8,16,2,3,25
E102,Vikram,10-03-2024,8.95,89.79,54,158,353,20,6,4.03,16,1,5,49
E102,Simran,16-02-2024,8.26,90.64,86,73,400,23,5,4.61,3,5,2,36
E110,Pooja,18-03-2024,7.18,73.61,48,109,197,38,7,3.75,4,20,6,27
E101,Pooja,15-03-2024,7.77,98.16,53,153,227,28,10,3.78,59,8,5,44
E109,Arjun,09-01-2024,7.98,75.44,60,141,400,29,17,3.19,22,9,2,61
E102,Arjun,30-03-2024,6.24,88.68,60,84,158,23,12,4.83,45,35,3,24
E102,Neha,16-01-2024,7.63,76.68,42,97,238,39,7,3.18,51,58,9,72
E104,Riya,09-03-2024,8.13,79.22,22,90,146,28,14,4.3,9,2,8,62
E104,Riya,01-03-2024,6.5,86.39,77,73,223,32,13,3.83,45,40,5,75
E101,Rohit,10-01-2024,8.34,82.52,51,83,193,31,14,3.81,27,23,19,40
E111,Amit,19-02-2024,7.75,74.81,50,54,310,30,9,4.36,32,21,10,70
E109,Riya,03-01-2024,8.86,75.13,62,117,266,31,11,3.13,42,48,6,73
E105,Arjun,17-03-2024,6.13,82.54,26,109,374,37,12,4.19,25,13,17,43
E104,Neha,10-03-2024,6.8,92.72,20,89,403,31,7,4.54,54,41,3,64
E105,Neha,21-03-2024,7.8,96.94,80,140,332,35,6,4.66,49,44,4,68
E100,Pooja,20-02-2024,6.89,72.52,33,153,242,24,6,3.34,47,43,3,12
E104,Rohit,19-01-2024,8.14,81.79,71,71,325,39,9,4.79,28,26,3,26
E108,Vikram,11-02-2024,8.28,73.01,25,106,359,31,19,4.31,26,32,12,55
E111,Amit,04-02-2024,6.31,70.5,29,42,405,30,5,4.76,17,59,15,47
E109,Simran,15-02-2024,7.54,89.85,49,125,141,28,19,3.97,39,21,13,44
E101,Pooja,26-01-2024,7.53,88.07,40,125,378,37,6,4.08,59,28,10,10
E100,Vikram,09-03-2024,7.11,74.89,79,113,224,22,17,4.84,9,18,1,38
E109,Riya,04-03-2024,8.8,77.01,82,90,377,39,13,4.8,57,18,13,13
E110,Rohit,06-02-2024,8.48,70.71,61,106,323,36,11,3.9,41,5,6,70
E108,Pooja,24-03-2024,8.09,95.05,70,115,381,33,19,3.55,4,44,10,26
E109,Rahul,18-02-2024,8.14,99.24,83,132,226,20,19,3.79,9,18,3,37
E108,Riya,21-01-2024,7.39,74.06,75,87,370,36,10,3.78,49,12,6,59
E108,Vikram,14-03-2024,8.76,76.94,60,56,340,27,13,3.57,20,58,15,17
E105,Amit,04-03-2024,8.08,96.05,51,46,341,24,11,3.54,23,25,5,43
E107,Simran,05-01-2024,8.19,97.79,34,52,377,24,18,4.72,37,21,5,68
E110,Vikram,10-03-2024,8.59,82.59,81,159,320,28,15,3.14,2,20,1,27
E100,Pooja,30-03-2024,6.82,71.52,46,105,377,22,9,4.36,39,35,7,68
E109,Pooja,04-01-2024,8.42,71.18,47,43,344,38,19,3.35,30,55,6,36
E103,Simran,08-02-2024,6.59,87.22,83,49,321,28,13,3.69,40,1,13,25
E100,Sneha,04-02-2024,7.04,81.79,78,142,345,37,10,3.12,36,46,8,19
E107,Amit,01-01-2024,7.01,70.86,77,127,355,35,10,3.54,1,43,14,31
E100,Ananya,24-01-2024,8.94,87.5,21,56,302,20,15,4.54,1,29,17,25
E102,Riya,26-02-2024,8.57,70.34,55,91,319,21,8,4.77,38,26,11,21
E103,Neha,10-03-2024,8.1,93.62,32,45,365,33,17,3.44,48,6,18,60
E107,Simran,10-02-2024,8.18,79.19,34,122,230,33,16,3.93,41,19,12,10
E105,Amit,23-02-2024,7.69,71.21,79,108,125,20,5,3.94,43,49,6,36
E109,Neha,15-02-2024,8.84,87.65,41,135,355,35,9,4.75,33,30,9,76
E111,Amit,29-02-2024,7.49,81.93,82,113,246,34,15,4.53,41,22,9,21
E106,Amit,29-02-2024,7.14,99.21,44,48,223,34,13,4.03,19,12,1,39
E107,Vikram,26-02-2024,6.49,86.33,67,130,356,31,17,4.34,32,16,13,18
E101,Amit,31-01-2024,8.36,78.26,62,116,274,35,12,4.69,3,3,12,62
E109,Sneha,24-03-2024,8.2,91.28,57,122,376,33,12,3.02,44,56,5,70
E110,Ananya,24-01-2024,7.15,78.14,60,60,354,34,9,3.81,43,13,8,63
E107,Pooja,29-03-2024,6.08,97.13,64,63,408,34,16,4.81,10,19,12,46
E102,Karan,05-02-2024,8.52,81.24,59,141,159,38,13,4.48,41,59,8,74
E106,Neha,25-03-2024,6.03,86.5,36,43,407,27,7,4.09,46,12,12,51
E102,Pooja,30-01-2024,8.11,71.52,76,63,316,21,7,4.06,4,2,4,58
E106,Karan,24-01-2024,8.91,82.78,21,98,392,21,5,3.7,24,25,13,13
E110,Ananya,30-01-2024,7.31,94.97,81,138,383,29,13,4.04,48,25,4,73
E111,Ananya,26-03-2024,6.7,94.17,28,42,176,22,10,4.31,59,17,8,60
E101,Neha,07-01-2024,8.11,76.73,87,107,417,36,6,3.84,36,31,7,69
E109,Neha,04-02-2024,8.45,76.78,36,140,217,27,12,4.43,33,13,6,40
E105,Ananya,24-02-2024,7.64,94.52,69,79,256,23,16,4.72,8,46,7,67
E102,Karan,14-01-2024,8.9,97.91,59,87,206,33,13,3.31,5,2,2,13
E102,Simran,10-01-2024,6.16,72.86,77,93,361,29,13,3.9,17,0,14,31
E108,Amit,20-03-2024,7.51,83.5,40,74,318,20,6,3.82,13,25,7,12
E106,Riya,16-01-2024,8.16,80.12,37,134,203,23,6,4.37,18,23,0,56
E104,Rohit,23-02-2024,8.59,96.12,74,95,361,20,17,3.5,13,48,6,47
E111,Rahul,29-03-2024,6.54,72.51,48,147,400,36,11,4.28,39,34,18,42
E109,Rohit,17-03-2024,8.4,76.33,43,128,371,36,15,4.75,16,13,1,57
E106,Pooja,10-03-2024,7.66,92.57,36,79,309,26,8,3.84,59,2,13,74
E108,Vikram,13-02-2024,7.19,71.54,37,116,271,39,17,4.82,34,12,17,35
E100,Pooja,13-03-2024,6.4,84.78,61,107,397,34,5,4.99,28,46,14,17
E106,Vikram,14-02-2024,8.6,83.26,64,85,258,32,12,3.21,41,49,13,59
E105,Karan,25-02-2024,6.47,80.03,36,117,295,21,6,3.47,16,13,18,47
E109,Vikram,24-03-2024,6.93,81.84,33,52,127,38,18,4.9,58,20,18,19
E111,Neha,22-03-2024,6.87,85.9,68,66,414,32,7,4.92,42,25,16,51
E108,Simran,26-02-2024,8.61,74.84,48,45,354,30,9,3.2,7,2,18,46
E100,Riya,21-01-2024,8.02,87.16,23,56,282,34,18,3.03,0,50,15,35
E103,Riya,08-03-2024,8.39,94.16,39,75,168,29,7,3.32,44,39,19,21
E108,Neha,19-02-2024,6.75,92.8,66,143,157,28,11,4.99,52,3,18,58
E103,Simran,02-02-2024,7.87,74.62,28,152,255,28,11,3.36,35,35,0,23
E109,Sneha,07-01-2024,7.72,74.48,46,138,338,39,18,4.01,6,50,18,55
E102,Rohit,10-03-2024,8.5,78.05,34,120,415,20,6,4.7,45,42,6,44
E108,Karan,15-01-2024,8.72,80.83,38,144,153,36,17,3.04,4,0,10,38
E101,Rohit,22-03-2024,6.04,82.25,71,41,198,31,17,4.21,23,39,4,21
E103,Sneha,01-02-2024,8.02,90.39,45,116,355,29,11,3.55,27,46,16,53
E105,Sneha,15-03-2024,6.16,71.7,45,91,392,24,15,4.72,42,32,10,75
E101,Pooja,20-01-2024,7.65,71.04,45,105,280,37,10,3.57,16,6,7,11
E107,Ananya,28-03-2024,6.86,81.76,65,91,294,34,14,4.37,36,52,9,68
E107,Pooja,15-01-2024,6.92,90.91,68,131,340,25,13,4.35,19,51,11,26
E100,Ananya,17-02-2024,7.06,75.8,72,82,128,26,17,3.44,2,51,9,19
E111,Rahul,11-03-2024,7.86,89.25,22,129,408,36,13,3.07,36,55,12,27
E102,Vikram,21-01-2024,7,77.79,85,61,232,25,6,3.82,25,10,17,31
E109,Simran,11-02-2024,8.2,96.58,61,150,324,27,11,3.58,14,26,9,67
E108,Ananya,26-01-2024,7.21,96.87,38,146,305,31,9,4.62,50,13,18,62
E104,Rohit,14-01-2024,6.21,78.92,36,94,316,33,17,4.6,47,21,19,10
E105,Neha,26-02-2024,8.35,76.9,52,106,385,31,10,3.91,7,15,16,70
E103,Pooja,06-02-2024,6.86,82.34,68,138,381,29,5,4.21,12,45,19,40
E109,Simran,27-02-2024,7.3,77.22,75,99,367,39,11,4.21,47,11,15,40
E101,Karan,21-01-2024,8.06,90.17,82,97,234,34,10,4.65,2,48,4,75
E110,Simran,22-03-2024,7,94.78,22,51,240,26,8,3.85,0,45,2,28
E107,Vikram,09-03-2024,6.17,90.19,68,127,260,28,5,3.55,8,9,14,62
E110,Rahul,03-01-2024,7.12,94.73,74,108,184,29,13,3.53,30,23,1,31
E105,Ananya,27-03-2024,8.83,81.91,45,123,395,29,8,4.07,40,45,12,32
E104,Rahul,30-03-2024,7.93,74.69,71,142,358,35,6,3.9,53,17,7,24
E108,Karan,06-02-2024,8.01,92.14,26,78,129,26,12,3.88,25,21,16,35
E100,Sneha,28-03-2024,7.9,80.81,65,52,352,24,6,3.18,16,8,3,12
E104,Riya,18-02-2024,6.6,90.14,65,80,314,22,9,4.44,55,16,18,29
E105,Karan,19-01-2024,7.26,78.12,35,96,131,37,15,3.43,33,37,8,49
E104,Arjun,29-03-2024,8.25,72.44,43,92,296,30,10,3.39,8,39,14,48
E105,Karan,25-03-2024,6.3,99.78,80,148,296,34,15,3.83,55,57,8,27
E105,Rahul,12-01-2024,6.83,74.69,73,51,336,39,17,3.46,50,12,8,50
E106,Simran,01-03-2024,6.83,99.65,81,52,130,24,12,4.17,12,49,13,79
